last_name, first_name,player_id,team_name_alt,pitch_type,pitch_name,run_value_per_100,run_value,pitches,pitch_usage,pa,ba,slg,woba,whiff_percent,k_percent,put_away,est_ba,est_slg,est_woba,hard_hit_percent
Rodón, Carlos,607074,SF,FF,4-Seamer,-1.5,-16,1077,62.1,267,0.222,0.339,0.288,25.30,28.1,23.7,0.244,0.401,0.31,44
Gilbert, Logan,669302,SEA,FF,4-Seamer,-0.5,-6,1023,55.7,261,0.253,0.451,0.343,23.60,22.6,20.3,0.289,0.525,0.377,51.1
Manaea, Sean,640455,SD,SIFT,Sinker,-0.2,-1,983,62.5,257,0.222,0.369,0.308,24.40,23.3,20.8,0.248,0.427,0.333,43.1
Burnes, Corbin,669203,MIL,FC,Cutter,-2.1,-22,1032,56.7,250,0.187,0.271,0.261,31.70,26,25.3,0.246,0.373,0.307,38.5
McKenzie, Triston,663474,CLE,FF,4-Seamer,-0.8,-7,884,58.9,227,0.204,0.393,0.316,17.30,15,15,0.277,0.563,0.393,49.4
Valdez, Framber,664285,HOU,SIFT,Sinker,-1,-8,870,50.6,223,0.266,0.377,0.333,12.70,8.1,13,0.289,0.422,0.346,40.1
Pivetta, Nick,601713,BOS,FF,4-Seamer,-1,-9,890,50.8,223,0.21,0.395,0.31,19.70,20.2,20.2,0.25,0.52,0.364,49.7
Strider, Spencer,675911,ATL,FF,4-Seamer,-1.2,-10,892,68.6,219,0.192,0.295,0.262,28.70,34.2,26,0.227,0.402,0.312,43.3
Javier, Cristian,664299,HOU,FF,4-Seamer,-1.5,-12,837,60.5,213,0.178,0.297,0.271,28.40,31,24.3,0.183,0.354,0.284,38.3
Cole, Gerrit,543037,NYY,FF,4-Seamer,-1.4,-12,914,50.1,212,0.189,0.358,0.282,32.70,39.2,27.3,0.193,0.374,0.282,48.1
Mahle, Tyler,641816,CIN,FF,4-Seamer,-0.8,-7,845,50.5,211,0.2,0.378,0.302,29.20,32.2,22.1,0.177,0.34,0.28,45.8
Adon, Joan,672851,WSH,FF,4-Seamer,2.1,17,787,65.4,209,0.288,0.529,0.415,15.10,15.3,17.2,0.306,0.602,0.436,41
Ray, Robbie,592662,SEA,FF,4-Seamer,-0.8,-6,781,43,207,0.219,0.421,0.324,27.70,25.1,26.1,0.233,0.451,0.333,35.9
Greene, Hunter,668881,CIN,FF,4-Seamer,1.4,12,863,52.2,206,0.299,0.632,0.432,26.10,25.7,20.9,0.288,0.606,0.421,50.4
Urquidy, José,664353,HOU,FF,4-Seamer,-0.8,-6,819,54.2,205,0.262,0.492,0.341,18.80,15.6,14.5,0.317,0.664,0.427,54.1
Kopech, Michael,656629,CWS,FF,4-Seamer,-0.4,-4,867,62,204,0.194,0.371,0.313,25.70,24.5,22.3,0.22,0.447,0.342,47.5
Verlander, Justin,434378,HOU,FF,4-Seamer,-1.2,-10,807,49.8,201,0.219,0.35,0.286,15.20,12.4,12.9,0.283,0.515,0.358,44.1
Dunning, Dane,641540,TEX,SIFT,Sinker,0.3,2,631,40.6,200,0.288,0.459,0.383,12.50,17.5,26.1,0.276,0.46,0.366,44.9
Rogers, Trevor,669432,MIA,FF,4-Seamer,1.2,10,817,52.2,198,0.314,0.562,0.418,24.20,21.7,18.2,0.31,0.592,0.424,45.2
Corbin, Patrick,571578,WSH,SIFT,Sinker,1.6,10,609,35.6,197,0.318,0.497,0.406,12.50,17.8,18,0.324,0.575,0.408,50.7
Bumgarner, Madison,518516,ARI,FC,Cutter,0.2,1,664,39.2,196,0.287,0.464,0.354,15.90,18.4,15.8,0.297,0.517,0.368,43.2
Quantrill, Cal,615698,CLE,SIFT,Sinker,-0.2,-2,719,45.7,195,0.283,0.41,0.34,11.60,9.2,9,0.294,0.458,0.356,28
Steele, Justin,657006,CHC,FF,4-Seamer,0.5,4,786,56.2,191,0.316,0.399,0.391,17.50,12.6,14.3,0.299,0.363,0.351,33.8
Gore, MacKenzie,669022,SD,FF,4-Seamer,-0.9,-7,744,60.9,190,0.23,0.333,0.297,18.70,21.6,19.7,0.273,0.462,0.355,47.6
Gausman, Kevin,592332,TOR,FF,4-Seamer,-0.2,-1,737,49.1,187,0.356,0.475,0.385,15.40,16,16.3,0.344,0.611,0.413,48.3
Houser, Adrian,605288,MIL,SIFT,Sinker,-0.1,-1,659,48.7,187,0.297,0.442,0.372,13.40,10.2,13.1,0.323,0.513,0.39,39.5
Cease, Dylan,656302,CWS,SL,Slider,-3.2,-24,743,40.3,187,0.124,0.169,0.169,48.80,45.5,32.7,0.137,0.213,0.177,20.7
Brubaker, JT,664141,PIT,SIFT,Sinker,-0.9,-6,619,39.8,184,0.27,0.39,0.348,16.00,16.3,18.2,0.265,0.422,0.345,36.9
Anderson, Ian,666120,ATL,FF,4-Seamer,0.7,5,761,46.5,182,0.318,0.468,0.393,18.20,11,10.5,0.298,0.456,0.379,47.8
Ray, Robbie,592662,SEA,SL,Slider,-0.4,-3,694,38.2,181,0.18,0.343,0.244,41.70,36.5,24,0.219,0.38,0.27,43
Greene, Hunter,668881,CIN,SL,Slider,-0.1,-1,703,42.6,180,0.172,0.344,0.274,36.70,33.3,21.9,0.177,0.323,0.253,28.6
Urías, Julio,628711,LAD,FF,4-Seamer,-1,-7,668,45.9,178,0.18,0.329,0.283,25.60,24.7,25.1,0.214,0.386,0.294,31.6
Pérez, Martín,527048,TEX,SIFT,Sinker,-0.2,-1,593,35.6,176,0.266,0.37,0.326,14.30,21,26.4,0.241,0.39,0.315,42
Webb, Logan,657277,SF,CH,Changeup,-1.4,-8,570,31.6,176,0.199,0.295,0.253,26.90,25.6,21,0.248,0.373,0.288,43.8
Gonzales, Marco,594835,SEA,CH,Changeup,-0.4,-2,516,32.6,175,0.256,0.44,0.325,23.00,18.3,15.2,0.244,0.404,0.289,33.8
Gray, Jon,592351,TEX,FF,4-Seamer,-0.6,-4,724,50.1,173,0.276,0.41,0.337,19.00,20.8,17.2,0.293,0.492,0.365,43.8
Ryan, Joe,657746,MIN,FF,4-Seamer,-1.8,-13,701,58,172,0.159,0.285,0.249,24.10,23.8,18.5,0.229,0.46,0.334,45
Suárez, Ranger,624133,PHI,SIFT,Sinker,-1.1,-8,664,46.1,172,0.245,0.323,0.318,11.60,16.9,17.4,0.283,0.435,0.344,37.3
Pallante, Andre,669467,STL,FF,4-Seamer,-0.3,-2,636,54.5,170,0.303,0.401,0.353,13.40,10,12.1,0.29,0.413,0.342,47.8
Montgomery, Jordan,656756,NYY,SIFT,Sinker,-2.1,-12,564,38.2,170,0.218,0.314,0.279,18.00,14.7,22.5,0.304,0.446,0.348,38.3
Fried, Max,608331,ATL,FF,4-Seamer,-0.8,-5,583,32.4,167,0.283,0.408,0.333,15.80,15.6,15.4,0.275,0.435,0.338,36.2
Gausman, Kevin,592332,TOR,FS,Splitter,-1.6,-9,533,35.5,167,0.178,0.261,0.228,46.30,40.7,25.5,0.173,0.219,0.196,22
Hudson, Dakota,641712,STL,SIFT,Sinker,1,6,570,36.7,166,0.309,0.426,0.384,8.60,6.6,8.1,0.347,0.538,0.425,49.2
Gallen, Zac,668678,ARI,FF,4-Seamer,-0.3,-2,769,49.3,165,0.204,0.366,0.313,15.80,23.6,18.1,0.242,0.465,0.358,42.3
Flexen, Chris,623167,SEA,FF,4-Seamer,0.1,1,647,40.6,164,0.314,0.521,0.402,14.10,11.6,11.8,0.325,0.649,0.446,54.5
Wisler, Matt,605538,TB,SL,Slider,-0.7,-4,663,91.6,163,0.19,0.381,0.281,25.00,20.9,15.6,0.22,0.461,0.315,31
Gray, Josiah,680686,WSH,FF,4-Seamer,1.4,9,667,42.2,162,0.271,0.609,0.432,16.50,9.3,10.8,0.278,0.697,0.445,42.5
López, Pablo,641154,MIA,CH,Changeup,-1.2,-7,610,36.9,162,0.18,0.313,0.257,38.90,30.2,23.2,0.248,0.405,0.306,35.6
Manoah, Alek,666201,TOR,FF,4-Seamer,-1.2,-7,626,37.4,162,0.238,0.408,0.31,24.60,24.7,20.8,0.246,0.433,0.314,38.2
Wheeler, Zack,554430,PHI,FF,4-Seamer,-1.6,-10,617,39.6,161,0.205,0.325,0.252,30.40,32.3,24.9,0.225,0.389,0.282,47
Garcia, Luis,677651,HOU,FF,4-Seamer,0.6,4,609,44.5,161,0.278,0.542,0.393,16.30,14.3,16.9,0.283,0.584,0.394,45.1
Wood, Alex,622072,SF,SIFT,Sinker,0.2,2,715,46.9,160,0.26,0.438,0.323,23.50,30,19.8,0.26,0.491,0.335,42.6
Cease, Dylan,656302,CWS,FF,4-Seamer,-0.3,-2,746,40.5,160,0.238,0.385,0.347,26.20,26.3,19.4,0.235,0.421,0.353,38.2
Wright, Kyle,657140,ATL,CUKC,Curveball,-0.9,-5,539,32.9,159,0.23,0.311,0.271,34.10,32.1,27,0.234,0.365,0.28,36.7
Anderson, Ian,666120,ATL,CH,Changeup,-0.6,-3,549,33.5,159,0.197,0.317,0.278,35.60,30.8,21.2,0.241,0.366,0.305,34.4
Lauer, Eric,641778,MIL,FF,4-Seamer,-0.3,-2,698,43.4,159,0.182,0.427,0.293,30.40,34,21.3,0.2,0.413,0.299,50
López, Pablo,641154,MIA,FF,4-Seamer,-1.4,-9,632,38.3,159,0.229,0.34,0.286,19.80,25.8,21,0.252,0.391,0.309,32.7
Gomber, Austin,596295,COL,FF,4-Seamer,2.2,14,637,42.8,158,0.368,0.61,0.452,12.30,10.1,12.4,0.349,0.609,0.435,43.1
Morton, Charlie,450203,ATL,FF,4-Seamer,0.6,3,545,32.5,158,0.271,0.493,0.365,19.90,26.6,21,0.269,0.537,0.371,49
Singer, Brady,663903,KC,SIFT,Sinker,0.4,2,602,53.6,158,0.259,0.448,0.346,11.50,19.6,21.5,0.247,0.462,0.335,39.3
Giolito, Lucas,608337,CWS,FF,4-Seamer,-0.5,-3,675,46,157,0.282,0.444,0.346,25.30,24.2,22.5,0.281,0.519,0.374,48.1
Flexen, Chris,623167,SEA,FC,Cutter,-0.3,-2,540,33.9,157,0.255,0.356,0.288,23.30,16.6,19.1,0.275,0.446,0.324,36.6
Kuhl, Chad,641771,COL,SL,Slider,-1.9,-10,542,35.7,157,0.186,0.338,0.256,35.90,33.8,23.1,0.216,0.38,0.276,28.7
Morton, Charlie,450203,ATL,CUKC,Curveball,0.1,1,617,36.7,155,0.19,0.365,0.283,39.90,38.1,26,0.191,0.325,0.268,31.6
Keller, Brad,641745,KC,SL,Slider,-1.4,-8,547,36.2,154,0.207,0.307,0.261,26.30,18.8,17,0.251,0.418,0.315,39.3
Bieber, Shane,669456,CLE,SL,Slider,-1.1,-6,540,34.6,154,0.197,0.279,0.235,39.70,29.9,29.1,0.214,0.348,0.258,35.6
Cortes, Nestor,641482,NYY,FC,Cutter,-1.2,-7,537,35.8,153,0.184,0.39,0.282,24.80,24.2,23.1,0.226,0.386,0.291,38.5
Blackburn, Paul,621112,OAK,SIFT,Sinker,0.1,1,528,34.7,152,0.238,0.346,0.338,14.30,13.2,16.5,0.289,0.436,0.363,48.6
Kuhl, Chad,641771,COL,SIFT,Sinker,1.2,8,643,42.4,152,0.343,0.485,0.41,10.80,0.7,1.8,0.356,0.602,0.437,52.2
Quantrill, Cal,615698,CLE,FC,Cutter,0.8,5,593,37.7,151,0.271,0.436,0.331,26.50,19.9,18,0.272,0.485,0.34,43.8
Verlander, Justin,434378,HOU,SL,Slider,-0.3,-1,483,29.8,151,0.201,0.271,0.241,36.10,35.8,25.8,0.212,0.335,0.254,25.6
Alcantara, Sandy,645261,MIA,CH,Changeup,-2.5,-13,526,27,151,0.142,0.184,0.182,38.00,30.5,29.5,0.176,0.224,0.201,25.8
Cortes, Nestor,641482,NYY,FF,4-Seamer,-1.5,-9,605,40.3,151,0.207,0.307,0.253,23.50,27.2,19.3,0.212,0.377,0.274,39
Kaprielian, James,621076,OAK,FF,4-Seamer,0.8,5,599,52.8,150,0.28,0.536,0.405,14.90,12.7,12.3,0.294,0.568,0.414,40.2
Severino, Luis,622663,NYY,FF,4-Seamer,-1.4,-9,646,46,150,0.204,0.431,0.309,20.00,16,15.3,0.255,0.485,0.34,42.1
Brieske, Beau,689225,DET,FF,4-Seamer,-0.5,-3,601,46.7,149,0.252,0.449,0.35,15.00,14.1,12.8,0.356,0.686,0.468,52.8
Lyles, Jordan,543475,BAL,FF,4-Seamer,1,6,575,31.8,149,0.282,0.534,0.394,21.20,15.4,15.4,0.339,0.636,0.442,53.7
Gonzales, Marco,594835,SEA,FF,4-Seamer,-0.4,-3,601,38,147,0.22,0.364,0.336,13.10,10.9,10.1,0.297,0.517,0.399,42.1
Archer, Chris,502042,MIN,SL,Slider,-1.6,-8,489,43.2,147,0.184,0.312,0.289,29.10,19.7,16.1,0.256,0.451,0.35,41.8
Plesac, Zach,668676,CLE,FF,4-Seamer,0.4,3,641,42.9,147,0.317,0.508,0.405,14.70,5.4,6.4,0.366,0.734,0.488,54.6
Nola, Aaron,605400,PHI,CUKC,Curveball,-1.1,-5,487,26.3,146,0.201,0.347,0.24,37.80,36.3,27.7,0.201,0.349,0.238,31.9
Rodón, Carlos,607074,SF,SL,Slider,-0.7,-4,553,31.9,146,0.216,0.246,0.247,39.40,35.6,22,0.199,0.278,0.24,30.1
Alcantara, Sandy,645261,MIA,SIFT,Sinker,-1.6,-8,470,24.2,145,0.242,0.311,0.298,12.20,11.7,17.2,0.251,0.356,0.3,39.1
Fedde, Erick,607200,WSH,SIFT,Sinker,-1,-6,614,37.6,145,0.234,0.336,0.301,15.00,16.6,15,0.276,0.406,0.338,52.9
Valdez, Framber,664285,HOU,CUKC,Curveball,-1.1,-5,486,28.2,145,0.148,0.203,0.226,41.00,43.4,26.7,0.186,0.272,0.251,37.9
Senzatela, Antonio,622608,COL,FF,4-Seamer,1.1,6,563,55.4,145,0.385,0.57,0.428,12.50,9,9.8,0.345,0.576,0.407,44.7
Davies, Zach,605200,ARI,SIFT,Sinker,0.3,2,651,49.4,144,0.248,0.434,0.347,8.70,18.1,15.8,0.281,0.536,0.374,44.2
Brubaker, JT,664141,PIT,SL,Slider,1.4,7,511,32.8,144,0.215,0.385,0.334,39.60,34.7,24.3,0.206,0.385,0.291,33.8
Bubic, Kris,663460,KC,FF,4-Seamer,2.3,13,595,51.8,144,0.356,0.593,0.452,18.50,16.7,14.3,0.32,0.551,0.409,46.9
Manoah, Alek,666201,TOR,SL,Slider,-1.2,-6,478,28.5,144,0.172,0.269,0.221,33.50,29.9,21.6,0.207,0.306,0.252,19.4
Gray, Jon,592351,TEX,SL,Slider,0.1,0,509,35.2,143,0.165,0.301,0.249,40.40,40.6,26.9,0.182,0.299,0.247,28
Webb, Logan,657277,SF,SIFT,Sinker,-1.1,-6,585,32.4,143,0.326,0.457,0.39,16.10,11.2,22.2,0.318,0.487,0.377,45.1
Quintana, José,500779,PIT,FF,4-Seamer,-1.1,-6,555,35.4,142,0.231,0.403,0.296,26.00,27.5,17.9,0.259,0.417,0.309,34.7
McClanahan, Shane,663556,TB,FF,4-Seamer,-0.6,-4,562,34.6,142,0.236,0.441,0.337,27.80,24.6,22.9,0.24,0.479,0.342,39.1
Kirby, George,669923,SEA,FF,4-Seamer,-1.2,-7,564,51.8,142,0.239,0.388,0.29,26.60,28.9,22.4,0.241,0.451,0.305,46.3
Corbin, Patrick,571578,WSH,SL,Slider,1.7,10,558,32.6,141,0.277,0.5,0.374,38.10,29.8,20.7,0.252,0.466,0.332,38.6
Bieber, Shane,669456,CLE,FF,4-Seamer,0.7,4,544,34.9,141,0.302,0.444,0.373,13.80,15.6,19.1,0.349,0.6,0.429,52.4
Berríos, José,621244,TOR,FF,4-Seamer,2.8,14,504,31.8,141,0.383,0.68,0.474,16.10,15.6,16.9,0.343,0.703,0.458,56.6
Mikolas, Miles,571945,STL,SIFT,Sinker,-1.5,-7,465,25,141,0.198,0.29,0.259,11.50,17,16.7,0.244,0.391,0.299,32.7
Keller, Brad,641745,KC,FF,4-Seamer,0.6,3,502,33.3,140,0.244,0.389,0.31,18.60,24.3,21.1,0.252,0.379,0.292,28.6
Thompson, Keegan,624522,CHC,FF,4-Seamer,-0.6,-4,579,44.4,140,0.231,0.368,0.328,22.30,25,22,0.236,0.454,0.349,46.4
Cobb, Alex,502171,SF,SIFT,Sinker,0.1,0,483,43.4,139,0.281,0.388,0.356,11.20,28.1,26,0.236,0.344,0.306,40.2
Cobb, Alex,502171,SF,FS,Splitter,0.4,2,471,42.3,138,0.211,0.278,0.247,28.30,20.3,19.2,0.209,0.275,0.223,26.4
Gibson, Kyle,502043,PHI,SIFT,Sinker,0.1,0,487,31,138,0.287,0.434,0.361,20.70,16.7,20,0.294,0.493,0.37,49
Wainwright, Adam,425794,STL,CUKC,Curveball,-1.1,-6,516,29.1,137,0.264,0.395,0.304,24.10,24.1,17.9,0.246,0.366,0.284,25.8
Nola, Aaron,605400,PHI,FF,4-Seamer,-1.6,-10,621,33.5,137,0.159,0.246,0.213,22.70,32.8,21.4,0.179,0.364,0.26,30.5
Webb, Logan,657277,SF,SL,Slider,-0.5,-3,592,32.8,137,0.186,0.295,0.237,31.30,26.3,17.3,0.205,0.358,0.258,22.3
Bassitt, Chris,605135,NYM,SIFT,Sinker,-1.8,-9,495,29.7,136,0.254,0.377,0.319,19.00,14.7,26.7,0.244,0.447,0.326,35
Hill, Rich,448179,BOS,CUKC,Curveball,-0.1,-1,469,41.4,136,0.238,0.389,0.309,17.00,13.2,13.3,0.259,0.415,0.314,29.6
Alexander, Jason,669920,MIL,SIFT,Sinker,1.3,5,408,55.3,136,0.37,0.529,0.428,7.40,6.6,11.1,0.339,0.535,0.412,48.2
Darvish, Yu,506433,SD,FC,Cutter,-0.7,-4,607,36.4,136,0.301,0.447,0.366,26.70,11.8,20.8,0.32,0.515,0.386,34.6
Wells, Tyler,669330,BAL,FF,4-Seamer,0,0,560,41.5,134,0.25,0.468,0.326,19.70,11.9,10.8,0.297,0.615,0.395,52.7
Williams, Trevor,592866,NYM,FF,4-Seamer,-2.3,-11,465,52.1,134,0.22,0.307,0.26,23.50,25.4,20.2,0.219,0.381,0.275,41.9
Davies, Zach,605200,ARI,CH,Changeup,-1.4,-7,468,35.5,134,0.182,0.322,0.266,34.50,23.1,22,0.221,0.357,0.273,24.7
Wood, Alex,622072,SF,SL,Slider,0.6,3,514,33.7,133,0.269,0.37,0.322,28.90,24.8,17.8,0.259,0.368,0.31,40.2
Hearn, Taylor,621368,TEX,FF,4-Seamer,0.1,1,528,44.3,133,0.22,0.394,0.348,22.90,26.3,23.5,0.241,0.448,0.368,44
Hendricks, Kyle,543294,CHC,CH,Changeup,-0.1,0,413,30.7,132,0.232,0.392,0.291,37.30,29.5,22.3,0.225,0.38,0.278,29.1
Gonsolin, Tony,664062,LAD,FF,4-Seamer,-0.1,-1,540,37.6,132,0.252,0.487,0.371,18.30,13.6,15.7,0.283,0.528,0.385,35.1
Pérez, Martín,527048,TEX,CH,Changeup,-0.7,-3,461,27.7,132,0.227,0.313,0.266,32.60,18.2,18.8,0.26,0.361,0.275,24.8
Wainwright, Adam,425794,STL,SIFT,Sinker,-0.3,-1,522,29.5,132,0.221,0.328,0.276,9.50,25.8,21,0.282,0.532,0.366,52.8
Márquez, Germán,608566,COL,FF,4-Seamer,2,10,514,31.4,132,0.357,0.607,0.455,9.50,6.8,7.4,0.311,0.527,0.399,48.6
Holmes, Clay,605280,NYY,SIFT,Sinker,-2.4,-12,501,82.1,131,0.176,0.193,0.222,29.40,23.7,23.5,0.173,0.208,0.215,41.4
Kluber, Corey,446372,TB,FC,Cutter,-0.7,-3,479,34.5,131,0.288,0.424,0.315,25.30,13,19.3,0.284,0.483,0.331,32.4
Anderson, Tyler,542881,LAD,CH,Changeup,-1.8,-8,467,32.6,131,0.165,0.236,0.186,39.60,28.2,23.4,0.181,0.266,0.204,17.6
Colomé, Alex,517008,COL,FC,Cutter,-1,-5,475,87.6,131,0.256,0.336,0.282,23.30,19.1,21,0.267,0.409,0.302,42.6
Kershaw, Clayton,477132,LAD,SL,Slider,-1.5,-7,447,44.4,130,0.205,0.303,0.246,37.30,34.6,27.3,0.198,0.273,0.227,39.7
Urías, Julio,628711,LAD,CUKC,Curveball,-0.3,-1,507,34.9,129,0.238,0.459,0.318,24.60,25.6,21,0.221,0.435,0.292,28.9
Carrasco, Carlos,471911,NYM,FF,4-Seamer,-0.2,-1,585,38.1,129,0.319,0.521,0.386,22.30,18.6,16.1,0.306,0.569,0.391,49.5
Kelly, Merrill,518876,ARI,FF,4-Seamer,-0.6,-3,533,30.6,128,0.255,0.418,0.345,22.70,21.1,17.6,0.219,0.412,0.324,42.2
Walker, Taijuan,592836,NYM,FS,Splitter,-3.1,-12,397,27.9,128,0.161,0.185,0.181,28.30,28.1,20.6,0.233,0.349,0.262,47.7
Ohtani, Shohei,660271,LAA,FF,4-Seamer,-1.2,-6,510,36.8,127,0.243,0.339,0.298,19.90,18.9,19,0.285,0.42,0.339,34.1
Ashcraft, Graham,668933,CIN,FC,Cutter,-1.6,-8,470,51.3,127,0.277,0.353,0.305,13.30,8.7,9.3,0.276,0.403,0.31,32.1
Taillon, Jameson,592791,NYY,FF,4-Seamer,-0.5,-3,532,34.1,127,0.289,0.496,0.352,26.00,27.6,18.3,0.271,0.513,0.345,54.7
Scott, Tanner,656945,MIA,SL,Slider,0.3,2,505,68.3,126,0.204,0.359,0.314,39.40,31.7,25.2,0.22,0.373,0.322,32.8
Berríos, José,621244,TOR,CUKC,Curveball,-0.5,-3,503,31.7,126,0.161,0.347,0.244,33.90,38.1,25,0.208,0.427,0.291,44.3
Keller, Mitch,656605,PIT,FF,4-Seamer,0.4,2,534,35.1,125,0.289,0.465,0.354,21.90,20.8,16,0.239,0.454,0.321,28.1
Lyles, Jordan,543475,BAL,SL,Slider,0.4,2,447,24.7,125,0.259,0.371,0.293,33.00,23.2,16.3,0.243,0.411,0.312,24.7
Burke, Brock,656271,TEX,FF,4-Seamer,-2.1,-10,447,61.7,124,0.177,0.301,0.255,22.00,34.7,29.5,0.218,0.377,0.29,50
Alcantara, Sandy,645261,MIA,FF,4-Seamer,-1.1,-5,495,25.4,124,0.186,0.327,0.263,22.10,21.8,18.5,0.219,0.426,0.305,40.2
Cole, Gerrit,543037,NYY,SL,Slider,-0.9,-4,405,22.2,124,0.183,0.3,0.244,41.20,35.5,26.2,0.218,0.35,0.255,35.5
Carrasco, Carlos,471911,NYM,SL,Slider,-0.9,-3,372,24.2,124,0.233,0.336,0.27,35.10,28.2,24.3,0.224,0.353,0.269,23.2
Mikolas, Miles,571945,STL,SL,Slider,-0.8,-4,505,27.2,124,0.22,0.398,0.286,22.60,15.3,12.8,0.304,0.529,0.363,36
Detmers, Reid,672282,LAA,FF,4-Seamer,-1.1,-6,536,46.5,124,0.198,0.406,0.313,18.50,17.7,14.5,0.281,0.542,0.391,47.1
Gonsolin, Tony,664062,LAD,FS,Splitter,-3.2,-13,397,27.6,123,0.107,0.205,0.136,31.50,36.6,24.1,0.188,0.279,0.204,31.2
Kikuchi, Yusei,579328,TOR,FF,4-Seamer,0.8,5,626,51.7,122,0.242,0.455,0.371,25.90,21.3,19.8,0.301,0.645,0.449,52
Gilbert, Logan,669302,SEA,SL,Slider,0.1,0,435,23.7,122,0.229,0.314,0.268,21.60,24.6,13.5,0.254,0.403,0.292,38.6
Faedo, Alex,656412,DET,FF,4-Seamer,1,5,501,51.8,122,0.352,0.6,0.441,17.00,16.4,15.3,0.317,0.58,0.418,45.3
Lynch, Daniel,663738,KC,FF,4-Seamer,0.2,1,583,43.6,121,0.314,0.4,0.379,21.30,18.2,13.5,0.303,0.478,0.37,52.9
Eflin, Zach,621107,PHI,SIFT,Sinker,0.5,2,419,38.4,121,0.316,0.509,0.379,12.60,10.7,15.1,0.269,0.463,0.329,35.3
Pivetta, Nick,601713,BOS,CUKC,Curveball,2,10,484,27.6,121,0.272,0.395,0.32,21.50,26.4,22.1,0.273,0.432,0.322,46.3
Skubal, Tarik,669373,DET,SL,Slider,-0.4,-2,502,30.5,121,0.25,0.414,0.302,23.40,19,14.9,0.266,0.451,0.31,40
Kluber, Corey,446372,TB,CUKC,Curveball,-0.6,-2,380,27.3,120,0.228,0.36,0.282,27.30,30,22.9,0.235,0.406,0.29,32.1
Montas, Frankie,593423,OAK,FS,Splitter,-0.8,-3,386,25.7,120,0.174,0.252,0.23,32.00,33.3,20.9,0.189,0.282,0.221,33.3
Bundy, Dylan,605164,MIN,FF,4-Seamer,-1,-5,494,40.3,120,0.219,0.39,0.297,14.60,12.5,13.4,0.264,0.487,0.352,36.6
Eovaldi, Nathan,543135,BOS,FF,4-Seamer,-1.4,-6,459,40.2,119,0.259,0.393,0.3,18.60,20.2,19,0.285,0.565,0.371,47.2
Carrasco, Carlos,471911,NYM,CH,Changeup,-0.7,-3,371,24.1,119,0.241,0.348,0.273,31.00,32.8,23.9,0.229,0.36,0.276,35.6
Odorizzi, Jake,543606,HOU,FF,4-Seamer,-0.1,0,426,55.1,119,0.255,0.358,0.311,19.40,15.1,14.9,0.292,0.523,0.378,38.2
Lynch, Daniel,663738,KC,SL,Slider,-0.1,0,435,32.5,119,0.223,0.388,0.304,33.70,29.4,20,0.269,0.452,0.344,50.7
Kelly, Merrill,518876,ARI,CH,Changeup,-0.5,-2,393,22.6,119,0.232,0.321,0.266,26.10,21.8,19,0.225,0.33,0.256,33
Singer, Brady,663903,KC,SL,Slider,-0.3,-1,412,36.7,119,0.273,0.427,0.322,36.70,30.3,25.2,0.246,0.406,0.302,44.7
Plesac, Zach,668676,CLE,SL,Slider,0.4,2,366,24.5,118,0.217,0.322,0.268,38.70,35.6,27.8,0.233,0.365,0.265,34.2
Hudson, Dakota,641712,STL,SL,Slider,0.2,1,434,27.9,118,0.24,0.356,0.297,24.90,16.9,16.4,0.273,0.46,0.339,40.9
Junis, Jakob,596001,SF,SL,Slider,-2.2,-9,391,52.6,118,0.189,0.288,0.237,25.40,28.8,26.6,0.249,0.399,0.299,39
Wheeler, Zack,554430,PHI,SL,Slider,-0.4,-2,458,29.4,118,0.193,0.312,0.268,23.50,24.6,19.1,0.214,0.324,0.264,28.7
Hendricks, Kyle,543294,CHC,SIFT,Sinker,1,4,417,31,117,0.283,0.396,0.344,11.80,6.8,8,0.335,0.51,0.39,35.7
Knebel, Corey,608349,PHI,FF,4-Seamer,-1.6,-7,445,70.9,117,0.194,0.337,0.3,22.60,17.9,17.5,0.213,0.387,0.32,43.6
Gray, Josiah,680686,WSH,SL,Slider,-1.2,-6,451,28.5,117,0.179,0.313,0.23,45.20,43.6,29.8,0.194,0.294,0.228,34.4
Lauer, Eric,641778,MIL,SL,Slider,-1,-4,381,23.7,116,0.17,0.283,0.235,24.30,25,17.8,0.223,0.343,0.274,29.1
Whitlock, Garrett,676477,BOS,SIFT,Sinker,0,0,456,57,116,0.279,0.433,0.349,23.40,21.6,22.1,0.263,0.472,0.343,43.8
Irvin, Cole,608344,OAK,FF,4-Seamer,-1.5,-7,442,32.1,115,0.187,0.327,0.256,19.70,26.1,18.6,0.233,0.467,0.316,47.4
Mahle, Tyler,641816,CIN,FS,Splitter,1.2,5,418,25,115,0.265,0.412,0.315,24.40,16.5,14.6,0.241,0.353,0.3,20.7
Pilkington, Konnor,663455,CLE,FF,4-Seamer,0.3,1,446,59.5,115,0.289,0.454,0.388,21.70,15.7,17.1,0.298,0.55,0.413,48.8
Garcia, Luis,677651,HOU,FC,Cutter,-0.6,-3,408,29.8,115,0.152,0.276,0.233,45.10,39.1,28.8,0.195,0.319,0.253,26.2
Rogers, Trevor,669432,MIA,CH,Changeup,-0.1,-1,456,29.2,115,0.245,0.353,0.322,24.50,12.2,10.3,0.256,0.349,0.307,26.7
Pérez, Martín,527048,TEX,FC,Cutter,-2.8,-11,398,23.9,115,0.204,0.269,0.237,16.00,28.7,26.8,0.224,0.297,0.253,36
Espino, Paolo,502179,WSH,FF,4-Seamer,0.4,2,429,46.4,115,0.264,0.443,0.337,14.40,15.7,14,0.298,0.64,0.412,48.9
Steele, Justin,657006,CHC,SL,Slider,-0.9,-4,403,28.8,114,0.138,0.22,0.172,32.80,43,25.4,0.166,0.269,0.201,29.5
Contreras, Roansy,672710,PIT,FF,4-Seamer,-0.2,-1,451,50.9,114,0.278,0.557,0.404,20.30,16.7,14.6,0.325,0.679,0.459,64.1
Springs, Jeffrey,605488,TB,CH,Changeup,-1.8,-6,348,34.1,114,0.239,0.413,0.296,38.90,29.8,24.8,0.205,0.323,0.244,30.7
Gray, Sonny,543243,MIN,SIFT,Sinker,-1.2,-4,317,31.4,113,0.182,0.323,0.277,17.10,27.4,23.3,0.233,0.403,0.315,43.5
Woodruff, Brandon,605540,MIL,FF,4-Seamer,-0.3,-1,432,36.5,113,0.173,0.357,0.286,28.00,35.4,20.4,0.199,0.439,0.321,46.6
Fedde, Erick,607200,WSH,CUKC,Curveball,1.3,7,504,30.9,113,0.327,0.469,0.394,23.70,18.6,12.8,0.274,0.42,0.349,33.3
Bradish, Kyle,680694,BAL,FF,4-Seamer,3.6,16,435,52.3,113,0.374,0.626,0.455,16.90,15,15,0.344,0.635,0.439,43.4
Heasley, Jonathan,669169,KC,FF,4-Seamer,0.6,3,428,45.7,112,0.264,0.582,0.42,15.20,14.3,15.7,0.285,0.6,0.423,48.7
Fedde, Erick,607200,WSH,FC,Cutter,0.1,0,449,27.5,111,0.235,0.5,0.335,17.60,19.8,13.2,0.273,0.544,0.382,44.3
Snell, Blake,605483,SD,FF,4-Seamer,1.1,6,524,53.9,111,0.318,0.541,0.446,21.90,17.1,13.7,0.298,0.529,0.424,47.8
Shaw, Bryan,543766,CLE,FC,Cutter,0.8,3,386,77,111,0.229,0.396,0.334,20.10,18.9,20.4,0.25,0.444,0.347,46.7
Nola, Aaron,605400,PHI,SIFT,Sinker,-1.8,-7,373,20.1,111,0.194,0.33,0.254,11.60,26.1,28.4,0.226,0.388,0.286,37.3
Sandoval, Patrick,663776,LAA,SL,Slider,-2.5,-9,358,26.2,111,0.167,0.225,0.239,37.80,28.8,29.9,0.228,0.396,0.304,34.3
Sandoval, Patrick,663776,LAA,CH,Changeup,0.2,1,332,24.3,111,0.214,0.255,0.266,47.30,44.1,26.9,0.217,0.288,0.271,31.4
Wainwright, Adam,425794,STL,FC,Cutter,0.1,0,422,23.8,111,0.294,0.52,0.383,19.00,12.6,14,0.306,0.537,0.382,35.2
Pineda, Michael,501381,DET,FF,4-Seamer,0.4,2,363,60.9,110,0.324,0.61,0.409,10.80,9.1,13.7,0.35,0.709,0.452,48.4
Bumgarner, Madison,518516,ARI,FF,4-Seamer,2.3,12,527,31.1,110,0.316,0.558,0.44,21.10,16.4,11.8,0.288,0.572,0.404,51.9
Manaea, Sean,640455,SD,CH,Changeup,1.2,4,363,23.1,110,0.275,0.549,0.363,27.40,24.5,22,0.245,0.456,0.334,41.6
Márquez, Germán,608566,COL,CUKC,Curveball,-0.4,-1,338,20.6,110,0.151,0.236,0.192,35.70,45.5,24.8,0.162,0.287,0.213,30.4
Doval, Camilo,666808,SF,SL,Slider,-3,-11,374,56.5,110,0.168,0.228,0.207,38.20,38.2,31.8,0.179,0.267,0.229,33.9
Finnegan, Kyle,640448,WSH,SIFT,Sinker,-0.3,-2,459,74.8,110,0.218,0.356,0.284,26.20,31.8,22.3,0.207,0.356,0.275,50
Musgrove, Joe,605397,SD,SL,Slider,-1.5,-6,426,27.8,110,0.17,0.25,0.225,36.90,33.6,23.6,0.197,0.289,0.246,24.6
Manoah, Alek,666201,TOR,SIFT,Sinker,-0.9,-3,388,23.2,110,0.232,0.253,0.293,16.80,16.4,22.2,0.224,0.277,0.283,19.5
Giolito, Lucas,608337,CWS,CH,Changeup,0.9,3,362,24.7,110,0.223,0.436,0.339,39.70,35.5,33.1,0.205,0.352,0.302,20
Berríos, José,621244,TOR,SIFT,Sinker,-1.3,-5,376,23.7,109,0.282,0.427,0.33,11.30,12.8,16.1,0.327,0.527,0.377,37.8
Hoffman, Jeff,656546,CIN,FF,4-Seamer,1,4,430,52.1,109,0.245,0.457,0.362,17.10,17.4,17.4,0.24,0.475,0.356,42.1
Crismatt, Nabil,622503,SD,CH,Changeup,-3.1,-11,360,53.7,108,0.147,0.216,0.197,29.80,25,24.5,0.216,0.315,0.253,29.3
Darvish, Yu,506433,SD,SL,Slider,-1.5,-5,317,19,108,0.202,0.273,0.238,25.70,24.1,20.6,0.244,0.457,0.309,34.2
Márquez, Germán,608566,COL,SIFT,Sinker,1.5,5,354,21.6,108,0.316,0.561,0.4,9.70,1.9,8.7,0.388,0.647,0.451,56.6
Ashby, Aaron,676879,MIL,SL,Slider,0,0,378,30.9,108,0.232,0.316,0.301,39.90,44.4,27.4,0.183,0.284,0.264,25.5
Scherzer, Max,453286,NYM,FF,4-Seamer,-1.2,-5,464,44.9,108,0.212,0.333,0.267,25.40,25.9,26.9,0.238,0.461,0.329,41.7
Montas, Frankie,593423,OAK,FF,4-Seamer,0.1,0,414,27.6,108,0.222,0.354,0.272,28.20,38,22.9,0.22,0.383,0.286,45
Peterson, David,656849,NYM,SL,Slider,-1.4,-5,370,29,107,0.155,0.268,0.239,47.20,54.2,34.7,0.168,0.284,0.234,50
Dunning, Dane,641540,TEX,CH,Changeup,0,0,342,22,107,0.289,0.474,0.371,23.60,14,18.1,0.303,0.447,0.353,32.5
Wright, Kyle,657140,ATL,SIFT,Sinker,-2.4,-8,348,21.2,107,0.232,0.274,0.288,18.80,15,19.8,0.251,0.358,0.312,32.9
Anderson, Tyler,542881,LAD,FF,4-Seamer,0,0,508,35.4,107,0.29,0.516,0.39,18.00,16.8,15.8,0.279,0.556,0.389,42.9
Wacha, Michael,608379,BOS,FF,4-Seamer,0.9,3,361,33.1,107,0.26,0.417,0.339,11.10,15.9,13.9,0.315,0.561,0.401,46.8
Anderson, Tyler,542881,LAD,FC,Cutter,-0.9,-3,303,21.1,106,0.238,0.426,0.31,21.90,20.8,20.6,0.248,0.375,0.285,25.3
Wells, Tyler,669330,BAL,SL,Slider,-0.5,-2,348,25.8,106,0.202,0.319,0.276,26.10,22.6,17.1,0.212,0.315,0.281,33.3
Hicks, Jordan,663855,STL,SIFT,Sinker,0.1,0,432,66.8,105,0.233,0.314,0.33,13.10,9.5,12.2,0.291,0.473,0.39,39.5
Freeland, Kyle,607536,COL,FF,4-Seamer,-0.6,-2,387,23.8,105,0.283,0.478,0.366,14.80,6.7,13.2,0.279,0.478,0.356,39.1
Peterson, David,656849,NYM,FF,4-Seamer,0.3,2,460,36,105,0.253,0.414,0.365,20.60,19,20.2,0.242,0.447,0.359,34.3
Brebbia, John,605154,SF,SL,Slider,0.2,1,351,53.4,105,0.292,0.417,0.338,27.10,14.3,14.4,0.284,0.428,0.327,36.1
Irvin, Cole,608344,OAK,CH,Changeup,-0.3,-1,304,22.1,105,0.228,0.386,0.272,21.30,9.5,12.3,0.275,0.5,0.333,35.9
Gray, Josiah,680686,WSH,CUKC,Curveball,-0.4,-1,402,25.4,104,0.198,0.275,0.261,36.90,38.5,25.5,0.202,0.33,0.286,26.9
Ohtani, Shohei,660271,LAA,SL,Slider,-3,-14,462,33.4,104,0.156,0.24,0.207,45.90,34.6,32.7,0.174,0.303,0.231,38.7
Ortega, Oliver,661383,LAA,FF,4-Seamer,-0.1,0,330,59.2,104,0.244,0.356,0.333,12.00,15.4,16.3,0.305,0.486,0.38,42.7
Smeltzer, Devin,656970,MIN,FF,4-Seamer,1.4,6,399,39.7,104,0.247,0.559,0.379,16.40,17.3,14.5,0.279,0.676,0.425,49.3
McClanahan, Shane,663556,TB,CUKC,Curveball,-2.4,-10,409,25.2,104,0.129,0.198,0.175,31.10,43.3,29.6,0.162,0.281,0.201,23.2
Rasmussen, Drew,656876,TB,SL,Slider,0.9,3,335,28.2,104,0.215,0.366,0.304,25.40,28.8,16.3,0.283,0.457,0.354,50.8
Akin, Keegan,669211,BAL,FF,4-Seamer,-2.2,-9,406,52.9,103,0.172,0.344,0.257,28.60,31.1,26,0.237,0.415,0.312,40.3
Plesac, Zach,668676,CLE,CH,Changeup,-0.1,0,327,21.9,103,0.242,0.343,0.298,13.00,10.7,11.6,0.327,0.537,0.377,45.5
Wick, Rowan,592858,CHC,FF,4-Seamer,-1,-4,373,51.2,103,0.261,0.402,0.332,20.50,23.3,23.8,0.294,0.516,0.372,47.8
Bubic, Kris,663460,KC,CH,Changeup,-0.2,-1,332,28.9,103,0.253,0.407,0.352,27.70,20.4,18.6,0.301,0.552,0.398,50
Kennedy, Ian,453178,ARI,FF,4-Seamer,-1.6,-6,391,82.1,103,0.228,0.359,0.305,20.00,19.4,17.5,0.28,0.5,0.363,52.1
Skubal, Tarik,669373,DET,SIFT,Sinker,0,0,336,20.4,103,0.247,0.344,0.304,12.80,21.4,16.4,0.282,0.443,0.337,39.7
Zimmermann, Bruce,669145,BAL,CH,Changeup,2,6,305,29.4,102,0.316,0.561,0.4,18.90,14.7,15.8,0.285,0.53,0.352,35.7
Montas, Frankie,593423,OAK,SIFT,Sinker,0.9,3,326,21.7,102,0.333,0.544,0.432,16.10,6.9,22.6,0.343,0.588,0.432,41.2
Kopech, Michael,656629,CWS,SL,Slider,-0.6,-2,356,25.5,102,0.191,0.319,0.258,17.60,18.6,14,0.229,0.434,0.31,32
Mikolas, Miles,571945,STL,FF,4-Seamer,-1.6,-7,422,22.7,102,0.152,0.239,0.231,22.80,32.4,19.9,0.239,0.411,0.309,45
Alcantara, Sandy,645261,MIA,SL,Slider,-0.9,-4,444,22.8,102,0.198,0.333,0.254,31.90,32.4,24.3,0.207,0.375,0.27,47.6
Suter, Brent,608718,MIL,FF,4-Seamer,1.6,6,385,65.9,102,0.319,0.505,0.41,14.80,9.8,9.3,0.298,0.422,0.346,28
Fried, Max,608331,ATL,SL,Slider,-2.5,-10,404,22.4,102,0.191,0.266,0.251,29.40,21.6,22,0.225,0.349,0.283,41.1
Syndergaard, Noah,592789,LAA,SIFT,Sinker,-3.2,-10,310,27.1,102,0.167,0.2,0.227,11.40,12.7,15.3,0.253,0.385,0.332,34.6
Smyly, Drew,592767,CHC,CUKC,Curveball,-0.2,-1,358,41.9,102,0.227,0.361,0.283,30.20,28.4,18.7,0.249,0.421,0.303,26.5
Hill, Rich,448179,BOS,FF,4-Seamer,0.5,2,423,37.3,101,0.27,0.461,0.351,23.30,25.7,25.5,0.266,0.505,0.367,44.4
Coleman, Dylan,669395,KC,FF,4-Seamer,-0.9,-4,437,61.5,101,0.2,0.388,0.335,23.60,15.8,13.1,0.246,0.491,0.38,40
McClanahan, Shane,663556,TB,CH,Changeup,-2.3,-9,396,24.4,101,0.139,0.149,0.137,45.50,43.6,31.9,0.171,0.231,0.172,22.8
Poche, Colin,621363,TB,FF,4-Seamer,-0.9,-4,389,81.2,101,0.191,0.393,0.295,27.40,21.8,18.8,0.216,0.394,0.294,30.4
Baker, Bryan,641329,BAL,FF,4-Seamer,-2.2,-9,401,57.5,101,0.218,0.299,0.284,28.90,25.7,23.2,0.296,0.458,0.365,45.2
Keuchel, Dallas,572971,ARI,SIFT,Sinker,1.7,7,419,43.4,101,0.306,0.529,0.445,15.30,13.9,18.4,0.284,0.444,0.369,46.5
Kershaw, Clayton,477132,LAD,FF,4-Seamer,-1.8,-7,376,37.4,101,0.191,0.309,0.25,8.40,14.9,22.7,0.236,0.44,0.307,31.3
Lyles, Jordan,543475,BAL,SIFT,Sinker,-0.3,-1,313,17.3,101,0.297,0.429,0.37,13.90,18.8,27.9,0.297,0.501,0.373,43.1
Brieske, Beau,689225,DET,CH,Changeup,-2.3,-7,285,22.1,100,0.173,0.276,0.221,21.60,22,20,0.213,0.357,0.249,25
Kluber, Corey,446372,TB,SIFT,Sinker,1.3,5,389,28,100,0.261,0.5,0.369,13.40,18,18.2,0.312,0.554,0.397,52.1
Kikuchi, Yusei,579328,TOR,SL,Slider,1.9,6,331,27.3,100,0.322,0.632,0.45,28.40,22,17.6,0.303,0.584,0.413,50.8
Rasmussen, Drew,656876,TB,FF,4-Seamer,-1.2,-5,414,34.8,99,0.228,0.37,0.276,21.10,22.2,16.8,0.222,0.361,0.279,43.1
Díaz, Edwin,621242,NYM,SL,Slider,-3.5,-11,325,54.5,99,0.151,0.183,0.181,52.80,57.6,37.3,0.143,0.19,0.176,36.1
Jax, Griffin,643377,MIN,SL,Slider,-0.5,-2,315,43.9,99,0.198,0.308,0.249,41.60,34.3,27,0.206,0.359,0.268,39.7
Giolito, Lucas,608337,CWS,SL,Slider,1.3,5,385,26.2,98,0.298,0.521,0.356,29.20,23.5,21.5,0.277,0.487,0.332,50
Keller, Brad,641745,KC,SIFT,Sinker,0.9,4,376,24.9,98,0.345,0.517,0.42,14.00,4.1,10.8,0.308,0.486,0.369,46.4
Hernandez, Elieser,622694,MIA,FF,4-Seamer,2.1,9,398,42.2,98,0.338,0.625,0.455,20.20,17.3,14.5,0.298,0.61,0.431,40.6
Stripling, Ross,548389,TOR,CH,Changeup,-0.1,0,304,25.4,98,0.188,0.333,0.24,32.80,27.6,18.1,0.264,0.376,0.282,36.2
Bednar, David,670280,PIT,FF,4-Seamer,-0.2,-1,381,55.5,98,0.253,0.432,0.298,32.40,29.6,27.1,0.266,0.486,0.325,53
Castillo, Luis,622491,CIN,CH,Changeup,0,0,349,26.1,98,0.191,0.303,0.285,25.10,21.4,15.4,0.229,0.333,0.282,27.9
Tate, Dillon,622253,BAL,SIFT,Sinker,-3.7,-13,343,52.2,98,0.237,0.28,0.254,11.50,11.2,15.1,0.28,0.428,0.315,39.8
Gutierrez, Vladimir,661269,CIN,FF,4-Seamer,4.3,15,340,49.7,98,0.316,0.747,0.484,12.30,13.3,14,0.277,0.627,0.429,53.7
Okert, Steven,595345,MIA,SL,Slider,-0.9,-4,425,70.1,98,0.136,0.309,0.284,35.30,34.7,22.5,0.16,0.272,0.272,21.3
Díaz, Alexis,664747,CIN,FF,4-Seamer,-1.5,-6,423,70.7,97,0.117,0.182,0.251,32.20,26.8,20.6,0.16,0.308,0.294,37.7
Hearn, Taylor,621368,TEX,SL,Slider,1.7,5,313,26.3,97,0.315,0.467,0.349,23.20,21.6,17.4,0.305,0.547,0.368,44.4
Freeland, Kyle,607536,COL,SL,Slider,0.7,3,380,23.4,97,0.289,0.522,0.363,30.30,23.7,20.9,0.248,0.491,0.329,35.3
Estévez, Carlos,608032,COL,FF,4-Seamer,0.2,1,412,70.2,97,0.256,0.427,0.355,19.40,18.6,14.5,0.271,0.464,0.37,40.6
Musgrove, Joe,605397,SD,FF,4-Seamer,-0.7,-2,339,22.1,97,0.242,0.341,0.28,23.40,30.9,25,0.287,0.472,0.344,44.3
López, Reynaldo,625643,CWS,FF,4-Seamer,-1.1,-4,334,51.4,97,0.264,0.356,0.301,25.30,25.8,25,0.261,0.376,0.311,45.5
Castillo, Diego,650895,SEA,SL,Slider,-2.7,-9,337,62.1,97,0.151,0.163,0.222,31.60,32,25.6,0.19,0.276,0.256,21.8
Quintana, José,500779,PIT,CUKC,Curveball,-1.4,-6,406,25.9,97,0.22,0.33,0.284,30.20,25.8,21,0.258,0.452,0.323,37.9
Gomber, Austin,596295,COL,SL,Slider,-0.7,-2,359,24.1,96,0.226,0.419,0.289,27.30,24,16.3,0.289,0.508,0.346,38.6
Lorenzen, Michael,547179,LAA,SIFT,Sinker,-0.3,-1,324,27.4,96,0.244,0.36,0.309,19.40,14.6,18.7,0.239,0.33,0.285,46.6
Quintana, José,500779,PIT,CH,Changeup,2.9,11,379,24.2,96,0.271,0.388,0.352,27.10,16.7,13.4,0.29,0.434,0.353,39.1
Rogers, Tyler,643511,SF,FF,4-Seamer,0.6,2,327,48.9,96,0.274,0.321,0.324,13.30,4.2,7.5,0.274,0.378,0.334,38.8
Velasquez, Vince,592826,CWS,FF,4-Seamer,-1.1,-4,340,41.7,95,0.188,0.388,0.286,25.30,23.2,20,0.264,0.624,0.396,51.6
Martinez, Nick,607259,SD,CH,Changeup,-1.6,-5,333,27.1,95,0.119,0.214,0.218,36.60,32.6,22,0.174,0.316,0.266,29.6
Mayza, Tim,641835,TOR,SIFT,Sinker,-1.1,-4,320,80,95,0.264,0.299,0.281,18.40,18.9,26.9,0.301,0.388,0.328,37.1
Pivetta, Nick,601713,BOS,SL,Slider,-1.5,-5,333,19,95,0.212,0.329,0.275,31.40,25.3,22,0.25,0.423,0.321,40.3
Ashby, Aaron,676879,MIL,SIFT,Sinker,-0.1,0,403,32.9,95,0.28,0.439,0.366,19.10,14.7,16.7,0.295,0.469,0.371,45.7
Walker, Taijuan,592836,NYM,FF,4-Seamer,0,0,426,30,95,0.265,0.349,0.323,21.10,17.9,12.3,0.288,0.516,0.382,48.5
Corbin, Patrick,571578,WSH,FF,4-Seamer,2,8,406,23.7,95,0.337,0.5,0.422,10.80,12.6,14.1,0.322,0.569,0.404,45.9
Thompson, Zach,605507,PIT,SIFT,Sinker,-1.3,-4,278,23.2,95,0.296,0.346,0.367,7.20,3.2,6,0.325,0.445,0.379,41.8
García, Rony,665621,DET,FF,4-Seamer,0.2,1,380,46.2,94,0.214,0.476,0.332,18.90,22.3,19.1,0.308,0.761,0.465,55.6
Skubal, Tarik,669373,DET,FF,4-Seamer,0.6,3,442,26.8,94,0.262,0.5,0.381,26.20,25.5,20.2,0.223,0.442,0.322,45
Melancon, Mark,453343,ARI,FC,Cutter,-0.5,-2,346,66.4,94,0.253,0.322,0.289,16.80,10.6,13.7,0.263,0.404,0.314,31.2
Edwards Jr., Carl,605218,WSH,FF,4-Seamer,-1.5,-5,349,63.8,94,0.173,0.296,0.272,24.60,29.8,25.7,0.184,0.332,0.275,31.5
Wacha, Michael,608379,BOS,CH,Changeup,-1.9,-7,343,31.4,94,0.157,0.217,0.228,30.10,30.9,17,0.21,0.32,0.286,23.6
Freeland, Kyle,607536,COL,CUKC,Curveball,-0.1,0,297,18.3,94,0.19,0.381,0.282,28.60,35.1,18.5,0.229,0.449,0.324,41.5
Thompson, Zach,605507,PIT,FC,Cutter,0.2,1,436,36.5,94,0.224,0.518,0.359,25.00,20.2,15.2,0.285,0.558,0.385,40.9
Keller, Mitch,656605,PIT,SIFT,Sinker,-2.3,-7,313,20.6,94,0.284,0.346,0.349,15.20,11.7,29.7,0.32,0.417,0.371,45.7
Strickland, Hunter,519326,CIN,FF,4-Seamer,1.4,5,327,52.6,93,0.243,0.365,0.361,23.10,17.2,16.2,0.318,0.529,0.427,43.1
Smeltzer, Devin,656970,MIN,CH,Changeup,-0.7,-2,265,26.3,93,0.239,0.352,0.285,18.40,14,14.1,0.259,0.367,0.285,35.5
Keller, Mitch,656605,PIT,SL,Slider,0.5,2,343,22.5,93,0.235,0.365,0.296,30.00,29,20.6,0.252,0.41,0.316,41.4
Wright, Kyle,657140,ATL,FF,4-Seamer,2.3,9,378,23.1,93,0.286,0.519,0.404,26.00,20.4,16.8,0.272,0.563,0.406,51.7
Darvish, Yu,506433,SD,FF,4-Seamer,-0.6,-2,386,23.1,93,0.149,0.276,0.206,22.70,36.6,21.3,0.182,0.424,0.277,50
Thompson, Keegan,624522,CHC,FC,Cutter,0.5,1,314,24.1,93,0.293,0.39,0.377,23.20,12.9,15,0.29,0.415,0.35,32.9
Moore, Matt,519043,TEX,CUKC,Curveball,-0.3,-1,306,44.2,93,0.221,0.233,0.263,27.60,26.9,19.8,0.214,0.294,0.254,23
López, Jorge,605347,BAL,SIFT,Sinker,-1.6,-5,346,49.2,93,0.183,0.305,0.299,21.20,25.8,23.3,0.204,0.367,0.295,31
Severino, Luis,622663,NYY,SL,Slider,-1.9,-6,301,21.4,92,0.165,0.306,0.237,42.30,45.7,31.3,0.16,0.279,0.224,50
Castillo, Luis,622491,CIN,FF,4-Seamer,-2.1,-9,422,31.5,92,0.136,0.21,0.215,40.10,46.7,28.3,0.191,0.343,0.281,47.4
García, Luis,472610,SD,SIFT,Sinker,0.8,3,303,51.9,92,0.337,0.373,0.402,11.60,5.4,10.6,0.366,0.515,0.414,51.9
Watkins, Spenser,657093,BAL,FF,4-Seamer,0.6,2,330,39.3,92,0.244,0.462,0.361,13.60,10.9,11.2,0.317,0.634,0.434,49.3
McFarland, T.J.,519008,STL,SIFT,Sinker,3.2,9,277,62.1,92,0.375,0.463,0.406,13.40,12,17.7,0.335,0.487,0.387,57.7
Nelson, Nick,656793,PHI,FF,4-Seamer,-0.3,-1,329,44.8,91,0.222,0.319,0.311,22.30,17.6,23.5,0.259,0.466,0.384,40
McKenzie, Triston,663474,CLE,SL,Slider,1.3,4,302,20.1,91,0.267,0.511,0.332,29.20,22,21.7,0.246,0.478,0.306,31.4
Irvin, Cole,608344,OAK,SIFT,Sinker,-0.7,-2,337,24.5,91,0.294,0.424,0.347,13.40,5.5,8.1,0.348,0.613,0.422,43.8
Stripling, Ross,548389,TOR,FF,4-Seamer,-0.3,-1,419,35.1,91,0.241,0.41,0.324,21.40,23.1,15.7,0.284,0.612,0.399,56.5
Montgomery, Jordan,656756,NYY,CH,Changeup,0.6,2,367,24.8,91,0.282,0.447,0.334,40.80,12.1,11.1,0.264,0.431,0.316,28
Gonsolin, Tony,664062,LAD,SL,Slider,-2.7,-9,334,23.2,90,0.125,0.188,0.202,37.40,22.2,17.4,0.196,0.322,0.265,26.2
Peralta, Freddy,642547,MIL,FF,4-Seamer,-0.9,-4,387,55.2,90,0.22,0.28,0.254,28.20,33.3,23.8,0.202,0.292,0.249,37.7
Hernandez, Elieser,622694,MIA,SL,Slider,0.7,2,342,36.3,90,0.195,0.552,0.331,32.80,34.4,24.2,0.192,0.452,0.274,29.8
Swarmer, Matt,664161,CHC,SL,Slider,0.8,3,388,59.1,90,0.212,0.525,0.359,41.00,33.3,21.7,0.193,0.44,0.309,50
Márquez, Germán,608566,COL,SL,Slider,0.5,2,371,22.7,90,0.275,0.55,0.401,33.90,24.4,24.2,0.264,0.515,0.367,43.1
Greinke, Zack,425844,KC,CUKC,Curveball,-2.6,-6,246,18.9,90,0.233,0.349,0.258,15.80,8.9,10.1,0.268,0.439,0.307,29.6
Chavez, Jesse,445926,ATL,FC,Cutter,-1.6,-6,393,58.7,90,0.203,0.329,0.281,29.00,35.6,23.7,0.223,0.421,0.317,50
White, Mitch,669952,LAD,FF,4-Seamer,-1.8,-6,351,46.2,89,0.234,0.338,0.322,12.60,11.2,14.7,0.274,0.41,0.346,32.8
Voth, Austin,608723,BAL,FF,4-Seamer,1.1,4,349,44.2,89,0.305,0.488,0.371,23.70,23.6,18.6,0.296,0.565,0.386,53.2
Greinke, Zack,425844,KC,FF,4-Seamer,-0.7,-3,459,35.2,89,0.284,0.457,0.353,16.30,14.6,12.7,0.365,0.707,0.469,48.5
Urquidy, José,664353,HOU,CH,Changeup,0,0,238,15.7,89,0.247,0.412,0.314,26.40,22.5,19.6,0.203,0.311,0.24,27.7
Megill, Tylor,656731,NYM,FF,4-Seamer,-0.5,-2,386,55.5,89,0.291,0.418,0.347,29.40,25.8,22.8,0.284,0.517,0.361,28.8
Gilbreath, Lucas,656458,COL,FF,4-Seamer,2,8,388,72.4,89,0.296,0.352,0.375,24.90,19.1,17.2,0.293,0.381,0.368,39.3
Rasmussen, Drew,656876,TB,FC,Cutter,-1.3,-5,404,34,89,0.241,0.386,0.326,27.80,11.2,15.6,0.306,0.555,0.384,39.7
Buehler, Walker,621111,LAD,FF,4-Seamer,3,11,358,34.2,88,0.368,0.618,0.46,13.20,9.1,9.3,0.331,0.667,0.453,51.5
Minor, Mike,501985,CIN,FF,4-Seamer,1.4,5,334,46,88,0.289,0.553,0.394,15.90,17,18.3,0.252,0.435,0.338,40.3
Gibson, Kyle,502043,PHI,SL,Slider,-0.3,-1,325,20.7,88,0.185,0.321,0.257,39.90,35.2,19,0.218,0.373,0.278,29.4
Montgomery, Jordan,656756,NYY,CUKC,Curveball,-0.8,-2,309,20.9,88,0.133,0.265,0.216,42.60,42,24.5,0.192,0.307,0.247,30.4
Luetge, Lucas,476595,NYY,FC,Cutter,0.6,2,304,57.5,87,0.316,0.38,0.356,19.00,14.9,22.8,0.278,0.403,0.324,29.9
Ryan, Joe,657746,MIN,SL,Slider,0.6,2,285,23.6,87,0.241,0.422,0.311,26.40,24.1,18.9,0.226,0.36,0.269,25.8
Hendricks, Kyle,543294,CHC,FF,4-Seamer,-0.5,-2,357,26.5,87,0.234,0.623,0.389,16.00,19.5,21.5,0.318,0.761,0.47,59
Vesia, Alex,681911,LAD,FF,4-Seamer,-2,-6,327,62.4,87,0.239,0.324,0.327,33.30,29.9,27.1,0.219,0.386,0.324,38.3
Rogers, Taylor,573124,SD,SL,Slider,-0.3,-1,325,54.2,87,0.177,0.291,0.23,39.60,33.3,25.7,0.194,0.314,0.255,25
Senzatela, Antonio,622608,COL,SL,Slider,3.5,10,285,28,87,0.418,0.57,0.451,20.70,17.2,13.2,0.372,0.53,0.401,35.8
Bieber, Shane,669456,CLE,CUKC,Curveball,-0.7,-2,282,18.1,86,0.207,0.329,0.239,37.70,41.9,24,0.194,0.368,0.243,45.8
Dunning, Dane,641540,TEX,SL,Slider,-0.5,-2,454,29.2,86,0.19,0.316,0.24,38.40,32.6,18.5,0.227,0.393,0.297,30.2
Martinez, Nick,607259,SD,FF,4-Seamer,3,10,324,26.4,86,0.395,0.816,0.53,19.50,17.4,14.4,0.324,0.658,0.441,50.8
Musgrove, Joe,605397,SD,CUKC,Curveball,-1.5,-5,297,19.3,86,0.149,0.257,0.256,32.60,31.4,24.3,0.203,0.304,0.284,48.9
Hendriks, Liam,521230,CWS,FF,4-Seamer,-1,-3,316,63.2,86,0.231,0.385,0.296,28.90,26.7,30.7,0.249,0.512,0.343,44.6
Muñoz, Andrés,662253,SEA,SL,Slider,-2,-8,373,61.2,86,0.134,0.22,0.177,50.70,51.2,29.9,0.128,0.202,0.166,15.8
McGee, Jake,459429,SF,FF,4-Seamer,0.8,2,310,85.2,85,0.316,0.519,0.384,18.20,9.4,9,0.349,0.707,0.457,43.1
Helsley, Ryan,664854,STL,FF,4-Seamer,-2.7,-9,334,56.8,85,0.13,0.182,0.189,33.10,36.5,32.3,0.182,0.343,0.265,43.5
Barría, Jaime,642545,LAA,SL,Slider,0.2,1,284,45.7,85,0.247,0.403,0.324,25.90,15.3,15.1,0.315,0.593,0.406,44.6
Archer, Chris,502042,MIN,FF,4-Seamer,2.4,10,435,38.4,85,0.311,0.554,0.411,16.70,11.8,10.4,0.34,0.603,0.434,48.4
Abreu, Bryan,650556,HOU,SL,Slider,-0.9,-3,293,48.9,85,0.197,0.237,0.256,48.30,44.7,33.6,0.176,0.208,0.223,21.1
Jiménez, Joe,641729,DET,FF,4-Seamer,0.2,1,358,62.7,84,0.24,0.413,0.326,26.60,32.1,22.3,0.242,0.449,0.324,38.8
Stanek, Ryne,592773,HOU,FF,4-Seamer,-3.1,-9,300,60.6,84,0.162,0.25,0.268,28.90,21.4,24,0.216,0.382,0.327,44.2
Rogers, Tyler,643511,SF,SL,Slider,0.9,3,325,48.6,84,0.24,0.347,0.285,25.20,23.8,18.5,0.195,0.277,0.24,19.3
Bautista, Félix,642585,BAL,FF,4-Seamer,-1.7,-6,379,64.1,84,0.217,0.362,0.323,23.70,15.5,14.8,0.285,0.489,0.391,48.3
Cueto, Johnny,456501,CWS,SIFT,Sinker,-0.6,-2,296,26.2,84,0.286,0.494,0.363,13.70,13.1,17.5,0.304,0.52,0.375,43.9
Williams, Devin,642207,MIL,CH,Changeup,-0.8,-3,347,54.4,84,0.187,0.24,0.252,48.80,41.7,27.3,0.188,0.229,0.235,27.5
Ramírez, Erasmo,541640,WSH,FC,Cutter,-0.6,-2,311,45,83,0.253,0.519,0.335,24.60,12,12.3,0.244,0.451,0.304,40
Gallen, Zac,668678,ARI,CH,Changeup,0.7,2,286,18.3,83,0.263,0.461,0.341,27.60,20.5,17.2,0.268,0.514,0.358,33.9
Kimbrel, Craig,518886,LAD,FF,4-Seamer,0.2,1,392,66.2,83,0.297,0.459,0.366,25.70,31.3,20.2,0.207,0.418,0.306,43.8
Freeland, Kyle,607536,COL,SIFT,Sinker,0.8,3,307,18.9,83,0.286,0.429,0.365,11.90,4.8,7.5,0.345,0.594,0.437,46.3
Rainey, Tanner,663432,WSH,FF,4-Seamer,-0.5,-2,367,70.4,83,0.233,0.438,0.346,25.80,22.9,20.9,0.277,0.588,0.398,50
Wheeler, Zack,554430,PHI,SIFT,Sinker,-1.8,-5,271,17.4,83,0.286,0.325,0.305,17.40,15.7,21,0.262,0.308,0.28,20.3
Wood, Alex,622072,SF,CH,Changeup,-0.7,-2,296,19.4,83,0.256,0.28,0.247,20.90,10.8,10.6,0.249,0.321,0.247,32.4
Sandoval, Patrick,663776,LAA,FF,4-Seamer,1.1,4,343,25.1,83,0.415,0.585,0.478,7.50,3.6,5,0.391,0.68,0.491,40
Bass, Anthony,542914,MIA,SL,Slider,-1.9,-6,309,57.6,82,0.19,0.278,0.223,38.00,34.1,28.3,0.196,0.297,0.221,26.9
Kelly, Merrill,518876,ARI,FC,Cutter,-1.3,-4,323,18.5,82,0.182,0.273,0.227,21.50,17.1,22.6,0.204,0.394,0.276,28.6
Robertson, David,502085,CHC,FC,Cutter,-1.4,-5,331,55.3,82,0.212,0.303,0.308,22.10,25.6,25,0.221,0.403,0.342,39.1
Taillon, Jameson,592791,NYY,SL,Slider,-0.2,0,269,17.3,82,0.263,0.5,0.317,23.20,19.5,19.3,0.275,0.461,0.307,33.3
Fulmer, Michael,605242,DET,SL,Slider,-2.9,-10,344,64.2,82,0.137,0.192,0.211,34.00,24.4,27.8,0.15,0.233,0.202,26.8
Beeks, Jalen,656222,TB,CH,Changeup,-1.3,-4,316,47.5,82,0.234,0.351,0.279,32.70,30.5,22.1,0.212,0.353,0.266,28.8
Syndergaard, Noah,592789,LAA,CH,Changeup,1.3,3,270,23.6,82,0.32,0.44,0.36,29.80,18.3,13.4,0.3,0.464,0.361,45.2
Faedo, Alex,656412,DET,SL,Slider,0.2,1,338,35,82,0.243,0.338,0.299,36.00,25.6,22.1,0.252,0.38,0.307,37
Jackson, Zach,667427,OAK,FF,4-Seamer,-0.8,-3,377,54.9,81,0.159,0.222,0.27,23.70,29.6,24.5,0.235,0.505,0.383,53.7
Hader, Josh,623352,MIL,SIFT,Sinker,0.1,1,343,64.1,81,0.197,0.408,0.309,33.30,38.3,27.4,0.201,0.48,0.331,42.5
Severino, Luis,622663,NYY,CH,Changeup,2.2,7,327,23.3,81,0.257,0.405,0.331,31.90,29.6,22.2,0.228,0.351,0.28,33.3
Murfee, Penn,682171,SEA,SL,Slider,-1,-3,266,49.5,80,0.132,0.263,0.193,35.00,47.5,36.9,0.12,0.237,0.175,31.6
Castillo, Luis,622491,CIN,SIFT,Sinker,0.6,2,288,21.5,80,0.304,0.435,0.371,8.80,11.3,13,0.287,0.414,0.344,48.4
Suárez, Ranger,624133,PHI,CH,Changeup,-0.2,-1,318,22.1,80,0.247,0.411,0.327,30.80,20,14.8,0.263,0.389,0.302,25.4
Barlow, Joe,669618,TEX,SL,Slider,-2,-5,264,58.8,80,0.178,0.26,0.226,31.50,20,20,0.26,0.473,0.337,37.9
Nelson, Kyle,669459,ARI,SL,Slider,-0.3,-1,285,63.8,80,0.213,0.347,0.291,31.20,22.5,17.8,0.26,0.443,0.321,35.1
Bassitt, Chris,605135,NYM,SL,Slider,0.5,1,331,19.9,80,0.187,0.333,0.273,33.10,28.7,17.3,0.2,0.355,0.262,26.9
Loup, Aaron,571901,LAA,SIFT,Sinker,1.5,4,292,50,80,0.29,0.449,0.416,11.00,21.3,23.6,0.29,0.485,0.378,44.2
Ramírez, Erasmo,541640,WSH,SIFT,Sinker,2.3,6,266,38.5,80,0.386,0.543,0.449,11.40,16.3,23.2,0.306,0.45,0.364,46.6
Clase, Emmanuel,661403,CLE,FC,Cutter,-2.4,-7,304,62.9,80,0.184,0.224,0.222,20.70,23.8,28.8,0.231,0.286,0.241,34.5
Sewald, Paul,623149,SEA,FF,4-Seamer,-0.5,-1,296,52.2,79,0.153,0.333,0.247,27.00,27.8,22.2,0.218,0.418,0.303,46
Bard, Daniel,453268,COL,SL,Slider,-1.6,-4,251,44.3,79,0.106,0.242,0.239,35.20,34.2,25.5,0.117,0.217,0.223,30
Bundy, Dylan,605164,MIN,SL,Slider,1,3,265,21.6,79,0.25,0.395,0.304,40.90,35.4,26.4,0.217,0.348,0.256,35.4
Fleming, Josh,676596,TB,SIFT,Sinker,2.7,8,282,54.8,79,0.342,0.493,0.392,20.40,21.5,19.1,0.246,0.363,0.294,35.7
Bellatti, Andrew,571479,PHI,SL,Slider,-0.3,-1,285,51.7,79,0.2,0.387,0.27,39.40,44.3,30.7,0.206,0.386,0.27,32.5
Foster, Matt,641582,CWS,FF,4-Seamer,1.1,3,297,48.5,79,0.216,0.446,0.316,21.30,26.6,23.1,0.249,0.481,0.329,41.5
Wilson, Bryse,669060,PIT,SIFT,Sinker,0.5,1,266,31.2,79,0.3,0.386,0.372,11.40,11.4,12.2,0.309,0.45,0.359,45.2
Civale, Aaron,650644,CLE,FC,Cutter,0.9,3,307,32.1,78,0.324,0.521,0.387,22.00,19.2,19.2,0.293,0.511,0.357,34.5
McHugh, Collin,543521,ATL,FC,Cutter,-1.4,-4,321,48.3,78,0.292,0.375,0.306,24.30,17.9,16.3,0.33,0.541,0.376,38.3
Blach, Ty,621389,COL,SIFT,Sinker,0.5,1,300,52.9,78,0.261,0.42,0.316,14.10,14.1,16.2,0.296,0.49,0.352,45.9
Urías, Julio,628711,LAD,CH,Changeup,1.5,4,265,18.2,78,0.253,0.387,0.304,30.80,21.8,15.2,0.237,0.363,0.272,25.9
McKenzie, Triston,663474,CLE,CUKC,Curveball,-1.5,-5,314,20.9,78,0.105,0.197,0.143,45.40,53.8,33.6,0.164,0.304,0.208,38.2
Bassitt, Chris,605135,NYM,FF,4-Seamer,0.2,1,270,16.2,78,0.214,0.329,0.294,30.40,44.9,25.2,0.202,0.317,0.269,42.9
King, John,667463,TEX,SIFT,Sinker,-0.5,-1,252,49.7,77,0.309,0.382,0.368,14.50,10.4,17.4,0.295,0.436,0.354,51.6
Smith, Will,519293,ATL,FF,4-Seamer,2.1,5,253,41.1,77,0.286,0.46,0.392,11.80,15.6,14.1,0.291,0.54,0.412,48.1
De Los Santos, Enyel,660853,CLE,FF,4-Seamer,-1.3,-4,319,67.3,77,0.242,0.424,0.338,24.90,28.6,23.4,0.27,0.598,0.399,48.9
Winder, Josh,680739,MIN,FF,4-Seamer,3,9,294,41.1,77,0.339,0.645,0.453,12.00,6.5,8.2,0.359,0.638,0.482,49.2
Minter, A.J.,621345,ATL,FF,4-Seamer,-2.7,-8,306,48.3,77,0.147,0.221,0.207,31.20,39,28.8,0.155,0.343,0.256,42.5
Garrett, Amir,607237,KC,SL,Slider,-1.3,-4,291,67.4,77,0.154,0.2,0.24,32.80,28.6,21.4,0.185,0.279,0.274,20.9
Chacín, Jhoulys,468504,COL,SIFT,Sinker,2.1,5,236,35.7,77,0.348,0.507,0.421,11.10,6.5,12.2,0.332,0.565,0.411,50
Warren, Art,605521,CIN,SL,Slider,0.4,1,280,59.7,77,0.211,0.423,0.292,34.30,31.2,28.9,0.232,0.49,0.332,39.6
Hutchison, Drew,571800,DET,FF,4-Seamer,0.9,3,294,45.2,77,0.258,0.419,0.368,14.30,14.3,12.2,0.253,0.475,0.38,43.4
Stroman, Marcus,573186,CHC,SIFT,Sinker,-1,-3,301,32.8,76,0.212,0.364,0.341,15.00,14.5,15.7,0.282,0.503,0.377,52.7
Sanchez, Aaron,592717,WSH,SIFT,Sinker,3.1,8,250,47,76,0.439,0.697,0.502,16.30,13.2,19.2,0.353,0.578,0.421,55.9
Stripling, Ross,548389,TOR,SL,Slider,-0.6,-2,278,23.3,76,0.247,0.274,0.274,16.00,11.8,9.7,0.253,0.382,0.286,23.4
Morgan, Eli,669212,CLE,FF,4-Seamer,-0.7,-2,335,55.1,76,0.157,0.371,0.239,29.20,38.2,25.7,0.185,0.444,0.292,39.5
Smith, Will,519293,ATL,SL,Slider,-1.7,-5,287,46.7,76,0.174,0.261,0.238,42.10,34.2,23.2,0.161,0.237,0.218,27.3
Otto, Glenn,657248,TEX,SIFT,Sinker,0,0,296,27.5,76,0.169,0.271,0.328,13.10,13.2,16.7,0.222,0.419,0.364,36.7
Gallegos, Giovanny,606149,STL,SL,Slider,-1.7,-5,286,45.8,76,0.221,0.309,0.261,43.80,38.2,25.7,0.182,0.325,0.253,29.3
Mikolas, Miles,571945,STL,CUKC,Curveball,-0.3,-1,364,19.6,76,0.239,0.352,0.293,19.60,19.7,13.2,0.234,0.329,0.269,32.1
Foley, Jason,671345,DET,SIFT,Sinker,-2.3,-6,256,51.5,76,0.243,0.3,0.269,12.30,15.8,23.5,0.26,0.309,0.277,39
Neris, Héctor,593576,HOU,FF,4-Seamer,-1.3,-4,288,49,76,0.179,0.328,0.272,25.70,22.4,23.9,0.262,0.618,0.401,58
Keuchel, Dallas,572971,ARI,CH,Changeup,1,3,259,26.8,76,0.292,0.347,0.318,26.70,13.2,12.2,0.282,0.378,0.299,27
Ashby, Aaron,676879,MIL,CH,Changeup,1.5,4,252,20.6,76,0.286,0.471,0.376,32.00,18.4,20.6,0.22,0.344,0.277,23.2
Beeks, Jalen,656222,TB,FF,4-Seamer,-0.7,-2,333,50.1,76,0.182,0.348,0.287,32.50,30.3,22.1,0.191,0.399,0.305,46.5
Sawamura, Hirokazu,617228,BOS,FF,4-Seamer,0.7,2,263,47.1,75,0.281,0.422,0.365,13.10,6.7,13.5,0.383,0.652,0.466,60
Espino, Paolo,502179,WSH,CUKC,Curveball,-1.9,-4,237,25.6,75,0.205,0.329,0.233,26.50,30.7,26.4,0.243,0.417,0.279,35.3
Stephenson, Robert,596112,COL,FF,4-Seamer,2.1,6,273,55.2,75,0.38,0.69,0.46,13.30,5.3,7.3,0.344,0.654,0.414,44.9
Houck, Tanner,656557,BOS,SL,Slider,-1.5,-5,342,40.8,75,0.147,0.221,0.215,40.10,37.3,25.7,0.205,0.259,0.24,29.3
Romano, Jordan,605447,TOR,FF,4-Seamer,-1.5,-4,291,53.9,75,0.188,0.25,0.27,27.60,26.7,18.5,0.234,0.379,0.323,47.7
Jansen, Kenley,445276,ATL,FC,Cutter,-1.6,-5,348,62,75,0.159,0.232,0.203,26.10,30.7,23,0.165,0.255,0.211,25.5
Peralta, Wandy,593974,NYY,CH,Changeup,-1.9,-5,244,45.9,75,0.206,0.265,0.259,40.60,28,26.9,0.211,0.302,0.258,29.2
Garrett, Braxton,666129,MIA,SL,Slider,0.4,1,230,33.9,75,0.221,0.353,0.301,38.60,33.3,22.5,0.224,0.404,0.304,37.2
Kremer, Dean,665152,BAL,FF,4-Seamer,-1.6,-5,302,44.1,75,0.21,0.258,0.286,21.10,14.7,13.1,0.305,0.629,0.438,53.8
Javier, Cristian,664299,HOU,SL,Slider,0.1,0,369,26.7,75,0.171,0.314,0.239,40.00,50.7,29.5,0.139,0.219,0.189,21.9
Boxberger, Brad,502202,MIL,FF,4-Seamer,0,0,316,53.8,75,0.222,0.444,0.333,20.50,29.3,17.7,0.245,0.496,0.371,46.5
Graterol, Brusdar,660813,LAD,SIFT,Sinker,-3,-7,232,42.6,74,0.164,0.254,0.245,14.90,16.2,25,0.223,0.304,0.271,27.3
Barlow, Scott,605130,KC,SL,Slider,-2.4,-8,313,44.5,74,0.2,0.308,0.259,30.10,21.6,19.3,0.212,0.364,0.29,31.4
Milner, Hoby,571948,MIL,SIFT,Sinker,-2.2,-6,279,47.1,74,0.265,0.338,0.306,11.10,16.2,20.3,0.272,0.443,0.329,40.4
Springs, Jeffrey,605488,TB,FF,4-Seamer,0.2,1,394,38.6,74,0.235,0.5,0.341,24.10,29.7,16.5,0.276,0.615,0.395,56.5
Burnes, Corbin,669203,MIL,CUKC,Curveball,-1.8,-6,329,18.1,74,0.113,0.254,0.174,47.40,50,31.6,0.115,0.202,0.156,20.6
Woodruff, Brandon,605540,MIL,SIFT,Sinker,0.1,0,281,23.7,74,0.303,0.394,0.338,18.40,14.9,19,0.266,0.405,0.333,29.8
Winckowski, Josh,670174,BOS,SIFT,Sinker,0,0,252,42.4,74,0.284,0.448,0.351,3.90,8.1,18.2,0.286,0.485,0.361,47.5
Givens, Mychal,571710,CHC,FF,4-Seamer,-0.6,-2,307,49.2,74,0.254,0.349,0.319,25.40,37.8,28.6,0.227,0.383,0.314,44.4
Gallen, Zac,668678,ARI,CUKC,Curveball,-2.7,-8,288,18.4,74,0.167,0.278,0.195,33.60,35.1,20.5,0.183,0.275,0.204,34
Lodolo, Nick,666157,CIN,SIFT,Sinker,0.7,2,298,58.8,74,0.317,0.483,0.412,24.80,25.7,27.1,0.265,0.445,0.375,51.2
Kaprielian, James,621076,OAK,SL,Slider,-1,-2,247,21.8,73,0.164,0.328,0.257,35.70,28.8,22.1,0.197,0.329,0.271,28.3
Cueto, Johnny,456501,CWS,CH,Changeup,-1.6,-4,268,23.7,73,0.147,0.265,0.214,24.80,26,18.1,0.223,0.391,0.288,34.7
Hill, Tim,657612,SD,SIFT,Sinker,0.3,1,240,59.1,73,0.343,0.4,0.349,5.50,8.2,13.3,0.273,0.348,0.285,40.6
Duran, Jhoan,661395,MIN,FF,4-Seamer,-1.6,-5,302,48.7,73,0.25,0.338,0.29,28.00,28.8,21.9,0.2,0.278,0.235,31.3
Kelly, Merrill,518876,ARI,SIFT,Sinker,-0.6,-1,245,14.1,73,0.261,0.362,0.311,16.40,11,12.9,0.309,0.53,0.371,45.9
Eovaldi, Nathan,543135,BOS,FS,Splitter,-2.2,-5,222,19.5,73,0.171,0.229,0.221,41.00,38.4,28.6,0.233,0.352,0.266,52.4
Blackburn, Paul,621112,OAK,CUKC,Curveball,-2.2,-6,285,18.7,73,0.153,0.264,0.184,30.60,38.4,21.9,0.202,0.309,0.223,43.2
Clevinger, Mike,605182,SD,FF,4-Seamer,-2.5,-7,282,35.2,73,0.179,0.313,0.25,20.00,26,19.8,0.26,0.432,0.326,47.9
Ray, Robbie,592662,SEA,SIFT,Sinker,-0.6,-2,284,15.6,73,0.222,0.365,0.313,29.00,23.3,26.6,0.211,0.271,0.275,32.6
Clarke, Taylor,664199,KC,FF,4-Seamer,0.4,1,306,43.3,72,0.29,0.449,0.334,17.40,18.1,12.5,0.283,0.514,0.349,46.4
Smith, Caleb,592761,ARI,SL,Slider,0.4,1,250,31.6,72,0.235,0.485,0.337,28.60,22.2,20,0.247,0.483,0.327,26.9
Nola, Aaron,605400,PHI,CH,Changeup,1.9,6,287,15.5,72,0.357,0.5,0.387,26.40,12.5,10.8,0.306,0.455,0.334,27.9
Davis, Austin,656354,BOS,FF,4-Seamer,1.2,4,299,45.4,72,0.214,0.393,0.359,26.60,20.8,16.5,0.24,0.433,0.365,41.9
Graveman, Kendall,608665,CWS,SIFT,Sinker,0.6,2,281,44.9,72,0.313,0.453,0.385,15.00,18.1,23.6,0.286,0.46,0.359,39.2
Bundy, Dylan,605164,MIN,CH,Changeup,2.3,5,216,17.6,72,0.329,0.529,0.367,25.80,15.3,15.3,0.31,0.487,0.337,48.3
Cishek, Steve,518553,WSH,SL,Slider,-0.9,-2,274,40.1,72,0.242,0.403,0.32,30.10,29.2,25.9,0.236,0.424,0.324,30.2
Smith, Drew,622098,NYM,SL,Slider,0.5,1,236,35.4,72,0.229,0.429,0.29,35.30,37.5,28.7,0.2,0.42,0.27,34.9
Winder, Josh,680739,MIN,SL,Slider,-3.2,-8,235,32.8,72,0.186,0.3,0.234,33.30,22.2,21.6,0.192,0.331,0.233,27.8
Lynch, Daniel,663738,KC,CH,Changeup,1.5,4,242,18.1,72,0.273,0.5,0.349,24.00,19.4,15.9,0.242,0.416,0.304,30.2
Houck, Tanner,656557,BOS,SIFT,Sinker,-0.6,-1,238,28.4,72,0.303,0.318,0.318,25.80,15.3,23.9,0.258,0.348,0.298,41.8
Alvarado, José,621237,PHI,SIFT,Sinker,2.6,7,267,54.8,72,0.317,0.433,0.404,20.80,18.1,22.8,0.307,0.489,0.388,41.7
Wright, Kyle,657140,ATL,CH,Changeup,-2.7,-7,276,16.8,71,0.136,0.182,0.168,29.60,28.2,23.3,0.235,0.363,0.276,36.2
Davis, Austin,656354,BOS,SL,Slider,-2.2,-6,265,40.3,71,0.222,0.238,0.251,28.10,25.4,18.8,0.24,0.347,0.309,21.7
Montero, Rafael,606160,HOU,FF,4-Seamer,-1.4,-4,284,47.3,71,0.155,0.259,0.266,30.50,35.2,27.5,0.182,0.292,0.285,38.2
Familia, Jeurys,544727,PHI,SIFT,Sinker,1.1,3,286,53.6,71,0.328,0.574,0.442,29.40,14.1,20,0.276,0.515,0.382,49
McHugh, Collin,543521,ATL,SL,Slider,-1.6,-5,304,45.7,71,0.172,0.234,0.229,30.40,32.4,19.2,0.161,0.225,0.218,24.4
Suarez, José,660761,LAA,CH,Changeup,1.2,3,219,27.3,70,0.27,0.444,0.345,32.80,31.4,23.2,0.25,0.489,0.345,31.7
Fried, Max,608331,ATL,CUKC,Curveball,-0.7,-2,351,19.5,70,0.221,0.309,0.259,37.10,38.6,28.7,0.221,0.286,0.23,26.2
Maton, Phil,664208,HOU,FF,4-Seamer,-0.3,-1,305,47.4,70,0.21,0.29,0.289,25.00,24.3,22.1,0.251,0.394,0.318,30.4
Stammen, Craig,489334,SD,SIFT,Sinker,-0.8,-2,295,53.8,70,0.262,0.415,0.323,17.20,21.4,26.8,0.272,0.444,0.322,45.1
Gibson, Kyle,502043,PHI,FC,Cutter,0.7,2,332,21.2,70,0.242,0.371,0.304,19.60,11.4,14,0.252,0.415,0.33,29.1
Bickford, Phil,641360,LAD,FF,4-Seamer,-0.1,0,334,70.8,70,0.246,0.415,0.322,23.20,22.9,15.2,0.199,0.406,0.284,32.7
Vest, Will,676684,DET,FF,4-Seamer,-2.4,-7,302,53.7,69,0.259,0.31,0.276,17.60,23.2,19.3,0.259,0.425,0.344,57.4
Smith, Caleb,592761,ARI,FF,4-Seamer,2.1,7,344,43.5,69,0.302,0.66,0.485,20.30,17.4,13.6,0.213,0.436,0.37,39
Skubal, Tarik,669373,DET,CH,Changeup,-0.5,-1,252,15.3,69,0.215,0.262,0.238,45.80,37.7,28.6,0.201,0.25,0.224,25.6
Rodriguez, Elvin,660730,DET,FF,4-Seamer,3.5,8,232,52.7,69,0.339,0.75,0.508,8.10,10.1,14.3,0.329,0.79,0.506,61.2
Contreras, Roansy,672710,PIT,SL,Slider,0,0,248,28,69,0.169,0.338,0.254,44.30,37.7,23.9,0.2,0.426,0.285,41
Houck, Tanner,656557,BOS,FF,4-Seamer,0.6,1,208,24.8,69,0.25,0.357,0.34,19.60,17.4,20.7,0.295,0.534,0.41,42.2
Thielbar, Caleb,573204,MIN,FF,4-Seamer,-0.9,-3,297,48.4,69,0.25,0.45,0.363,31.00,34.8,25,0.212,0.392,0.31,30.6
Suárez, Ranger,624133,PHI,FF,4-Seamer,2.4,6,270,18.8,69,0.379,0.603,0.487,17.40,10.1,9.1,0.287,0.476,0.383,27.5
Pallante, Andre,669467,STL,SL,Slider,-2.1,-5,231,19.8,69,0.23,0.295,0.285,22.00,18.8,18.6,0.281,0.409,0.34,39.6
Diekman, Jake,518617,BOS,SL,Slider,0.6,2,288,41.6,69,0.161,0.304,0.281,35.40,34.8,18.6,0.186,0.345,0.306,39.4
Nelson, Nick,656793,PHI,CH,Changeup,1.5,4,255,34.7,69,0.29,0.403,0.341,29.70,24.6,20,0.244,0.343,0.295,24.4
Walker, Taijuan,592836,NYM,SL,Slider,-0.4,-1,258,18.2,69,0.203,0.359,0.286,28.00,24.6,18.1,0.243,0.45,0.32,46.8
Ottavino, Adam,493603,NYM,SL,Slider,-3.1,-8,256,43.7,69,0.161,0.29,0.243,34.10,29,24.1,0.181,0.28,0.255,23.3
Fried, Max,608331,ATL,CH,Changeup,-1,-2,228,12.7,69,0.191,0.235,0.188,36.30,34.8,25,0.203,0.281,0.203,15.6
Jackson, Zach,667427,OAK,SL,Slider,-0.8,-2,299,43.5,69,0.183,0.217,0.245,43.10,39.1,25.5,0.168,0.284,0.257,36.4
Duffey, Tyler,608648,MIN,CUKC,Curveball,1.7,5,283,45.2,68,0.281,0.484,0.349,26.90,22.1,17.2,0.302,0.513,0.364,36.7
Brasier, Ryan,518489,BOS,FF,4-Seamer,2.5,6,255,46.4,68,0.359,0.656,0.426,19.60,25,22.4,0.31,0.621,0.391,59.2
Adon, Joan,672851,WSH,CUKC,Curveball,1.6,5,279,23.2,68,0.328,0.459,0.385,18.30,19.1,12.5,0.252,0.353,0.299,28
Lorenzen, Michael,547179,LAA,FF,4-Seamer,0.2,0,250,21.1,68,0.236,0.345,0.351,17.20,17.6,13.5,0.246,0.373,0.345,32.6
Freeland, Kyle,607536,COL,CH,Changeup,2.2,6,254,15.6,68,0.365,0.476,0.421,12.90,2.9,11.8,0.374,0.495,0.397,43.5
Syndergaard, Noah,592789,LAA,FF,4-Seamer,1,2,231,20.2,68,0.311,0.607,0.416,20.00,17.6,19,0.281,0.597,0.398,42
Otto, Glenn,657248,TEX,SL,Slider,2.5,7,259,24,67,0.305,0.525,0.388,36.40,29.9,20,0.242,0.475,0.35,31.7
Zimmermann, Bruce,669145,BAL,SL,Slider,1.6,3,195,18.8,67,0.279,0.59,0.384,32.70,26.9,28.1,0.302,0.597,0.409,45.5
Wells, Tyler,669330,BAL,CH,Changeup,-2.4,-6,256,19,67,0.203,0.313,0.257,31.70,19.4,16.3,0.194,0.29,0.226,25.5
Feltner, Ryan,663372,COL,FF,4-Seamer,3.2,9,270,45.7,67,0.339,0.678,0.474,20.90,19.4,16.3,0.327,0.721,0.465,63
Gomber, Austin,596295,COL,CH,Changeup,-0.3,-1,249,16.7,67,0.317,0.476,0.368,26.60,11.9,12.5,0.297,0.485,0.344,30.4
Strider, Spencer,675911,ATL,SL,Slider,-0.6,-2,336,25.8,67,0.167,0.183,0.226,53.30,49.3,27.3,0.124,0.154,0.179,18.5
Bumgarner, Madison,518516,ARI,CUKC,Curveball,0.4,1,299,17.6,67,0.203,0.322,0.296,19.00,17.9,12.4,0.239,0.373,0.313,34
Detmers, Reid,672282,LAA,SL,Slider,0.7,1,224,19.4,67,0.167,0.317,0.269,20.80,25.4,17.2,0.206,0.399,0.299,39.5
Suarez, José,660761,LAA,FF,4-Seamer,1.7,5,271,33.8,67,0.339,0.661,0.468,21.70,19.4,18.8,0.294,0.566,0.414,48.8
Bleier, Richard,542947,MIA,SIFT,Sinker,2.9,6,198,49.3,67,0.365,0.571,0.426,16.40,9,14.3,0.34,0.536,0.389,56.1
Rogers, Trevor,669432,MIA,SL,Slider,0.8,2,291,18.6,67,0.213,0.311,0.249,32.80,31.3,18.9,0.21,0.286,0.24,11.9
Raley, Brooks,548384,TB,SL,Slider,-2,-4,200,41.2,67,0.164,0.246,0.237,41.40,43.3,34.5,0.166,0.241,0.22,31.3
De Jong, Chase,608328,PIT,FF,4-Seamer,-0.5,-2,290,49.9,67,0.193,0.491,0.372,10.10,6,5.3,0.308,0.626,0.434,52.8
Matz, Steven,571927,STL,SIFT,Sinker,2,7,327,48.3,67,0.371,0.661,0.459,27.50,31.3,17.8,0.348,0.552,0.404,46.3
Stratton, Chris,608717,PIT,FF,4-Seamer,3.2,9,289,42.2,66,0.439,0.667,0.527,26.20,18.2,14.6,0.298,0.546,0.398,50
Ohtani, Shohei,660271,LAA,FS,Splitter,-0.8,-2,197,14.2,66,0.123,0.246,0.164,49.00,63.6,31.8,0.13,0.216,0.154,39.1
Martinez, Nick,607259,SD,SIFT,Sinker,-1.8,-4,207,16.8,66,0.217,0.267,0.257,12.70,13.6,18,0.266,0.333,0.299,33.3
Smyly, Drew,592767,CHC,FC,Cutter,0.5,1,244,28.5,66,0.3,0.617,0.402,18.20,6.1,6.8,0.299,0.586,0.402,38.6
Fried, Max,608331,ATL,SIFT,Sinker,-2.2,-5,234,13,66,0.246,0.277,0.239,18.30,15.2,22.2,0.253,0.359,0.268,40
Gose, Anthony,543238,CLE,FF,4-Seamer,2.2,6,252,64.8,66,0.288,0.635,0.455,21.90,13.6,13.4,0.308,0.738,0.475,52.3
Smith, Drew,622098,NYM,FF,4-Seamer,-0.2,-1,316,47.4,66,0.2,0.436,0.328,25.90,16.7,14.1,0.294,0.631,0.424,62.2
Bassitt, Chris,605135,NYM,FC,Cutter,-0.3,-1,279,16.8,66,0.233,0.45,0.316,23.90,19.7,16.9,0.219,0.435,0.3,35.4
Logue, Zach,656657,OAK,FF,4-Seamer,0.9,2,247,47.1,66,0.268,0.554,0.394,19.50,18.2,20,0.283,0.681,0.437,53.3
Thompson, Keegan,624522,CHC,CUKC,Curveball,2.5,6,223,17.1,66,0.254,0.524,0.348,27.10,24.2,20.8,0.239,0.45,0.307,31.9
Ashcraft, Graham,668933,CIN,SL,Slider,-0.2,-1,269,29.4,66,0.231,0.369,0.292,27.60,27.3,17.3,0.257,0.398,0.283,34
Ruiz, José,614179,CWS,FF,4-Seamer,1,3,337,48.2,66,0.286,0.643,0.437,28.70,24.2,19.5,0.291,0.64,0.423,68.3
Effross, Scott,664123,CHC,SIFT,Sinker,1,2,207,36.5,66,0.328,0.484,0.376,16.70,19.7,39.4,0.279,0.419,0.31,47.1
Soto, Gregory,642397,DET,FF,4-Seamer,-0.2,0,239,41.1,66,0.179,0.25,0.253,28.80,28.8,19.2,0.205,0.344,0.294,47.4
Flexen, Chris,623167,SEA,CH,Changeup,-0.6,-1,244,15.3,66,0.197,0.311,0.255,29.20,22.7,22.7,0.265,0.468,0.338,26.1
Lorenzen, Michael,547179,LAA,CH,Changeup,1.2,3,226,19.1,65,0.203,0.288,0.272,37.10,24.6,17.8,0.23,0.356,0.29,30.2
Puk, A.J.,640462,OAK,FF,4-Seamer,1,2,241,39.6,65,0.22,0.339,0.288,17.70,26.2,18.3,0.248,0.387,0.31,42.9
Ober, Bailey,641927,MIN,FF,4-Seamer,1.5,4,267,50.8,65,0.322,0.508,0.398,24.70,13.8,10.7,0.306,0.602,0.403,31.4
Ureña, José,570632,COL,SIFT,Sinker,-2,-4,218,55.3,65,0.276,0.345,0.31,12.40,7.7,13.9,0.289,0.549,0.388,37.7
Moore, Matt,519043,TEX,FF,4-Seamer,-1.5,-4,293,42.3,65,0.154,0.269,0.283,24.80,27.7,24.3,0.157,0.274,0.285,35.3
Zimmermann, Bruce,669145,BAL,FF,4-Seamer,1.5,5,320,30.8,65,0.424,0.695,0.485,12.30,6.2,5.2,0.414,0.813,0.517,49.1
Buehler, Walker,621111,LAD,FC,Cutter,-2.4,-6,259,24.8,65,0.242,0.29,0.274,26.20,18.5,21.8,0.277,0.355,0.292,30
Hutchison, Drew,571800,DET,SL,Slider,-0.5,-1,242,37.2,65,0.246,0.328,0.272,26.30,16.9,14.9,0.317,0.588,0.4,47.1
Gonzales, Marco,594835,SEA,FC,Cutter,2.2,6,262,16.6,65,0.383,0.583,0.438,13.40,0,0,0.339,0.57,0.409,28.3
Moll, Sam,594580,OAK,SL,Slider,-1.4,-4,266,58.3,65,0.131,0.262,0.215,26.30,36.9,26.1,0.19,0.327,0.235,28.9
Richards, Trevor,670950,TOR,CH,Changeup,-1.5,-4,241,37.9,65,0.136,0.203,0.222,51.60,47.7,28.4,0.146,0.212,0.214,17.9
Pagán, Emilio,641941,MIN,FF,4-Seamer,-0.4,-1,307,50.8,64,0.204,0.444,0.338,26.80,34.4,22.4,0.231,0.498,0.363,53.1
Rogers, Taylor,573124,SD,SIFT,Sinker,-0.9,-2,274,45.7,64,0.281,0.386,0.334,20.20,23.4,23.1,0.302,0.515,0.383,57.1
Banks, Tanner,621383,CWS,FF,4-Seamer,-1.8,-6,300,45,64,0.189,0.189,0.25,19.90,32.8,21,0.223,0.313,0.307,33.3
Clarke, Taylor,664199,KC,SL,Slider,0.3,1,257,36.4,64,0.186,0.322,0.233,33.10,29.7,20.2,0.211,0.291,0.234,19
Castellanos, Humberto,528748,ARI,SIFT,Sinker,0.4,1,242,32.4,64,0.345,0.436,0.372,16.50,17.2,18.3,0.308,0.483,0.379,50
Thornton, Trent,663423,TOR,SL,Slider,-2.4,-5,209,38.3,64,0.18,0.295,0.216,24.10,25,26.2,0.215,0.362,0.258,37
Crowe, Wil,640444,PIT,SL,Slider,0.7,2,278,29.8,64,0.158,0.263,0.248,34.40,28.1,17.5,0.205,0.315,0.282,30.8
Castano, Daniel,641447,MIA,FC,Cutter,0,0,229,41.3,64,0.259,0.586,0.384,17.00,10.9,12.1,0.263,0.533,0.365,39.2
Cotton, Jharel,605194,MIN,CH,Changeup,-0.5,-1,178,35.7,64,0.179,0.375,0.31,28.70,32.8,19.4,0.206,0.345,0.292,31.4
Berríos, José,621244,TOR,CH,Changeup,0.5,1,203,12.8,64,0.283,0.417,0.339,27.10,14.1,13.2,0.286,0.455,0.348,33.3
Hernández, Carlos,672578,KC,FF,4-Seamer,3.6,10,285,46.2,64,0.469,0.714,0.544,16.40,1.6,2.3,0.382,0.717,0.507,46.9
Richards, Trevor,670950,TOR,FF,4-Seamer,1,3,258,40.6,64,0.275,0.588,0.42,18.90,14.1,17.3,0.304,0.693,0.463,48.8
McClanahan, Shane,663556,TB,SL,Slider,-1,-3,255,15.7,64,0.194,0.355,0.262,46.80,35.9,30.7,0.215,0.372,0.26,30.8
Long, Sam,669674,SF,FF,4-Seamer,1.2,3,263,43.2,64,0.327,0.527,0.426,17.20,12.5,12.3,0.313,0.532,0.391,44.9
Wilson, Steven,621051,SD,FF,4-Seamer,0.2,0,247,55.1,64,0.214,0.304,0.278,30.00,26.6,19.5,0.224,0.423,0.317,50
Poppen, Sean,664092,ARI,SIFT,Sinker,-1.3,-3,243,62.6,63,0.291,0.491,0.384,11.30,15.9,20,0.257,0.38,0.324,40.4
Wilson, Bryse,669060,PIT,FF,4-Seamer,1.9,5,246,28.9,63,0.365,0.558,0.45,25.90,22.2,16.3,0.327,0.531,0.41,45
Morgan, Eli,669212,CLE,CH,Changeup,-0.2,0,190,31.3,63,0.136,0.305,0.244,20.50,25.4,19.3,0.21,0.332,0.259,30.2
Jefferies, Daulton,641726,OAK,SIFT,Sinker,0.9,2,219,35.8,63,0.286,0.393,0.344,12.60,12.7,14.8,0.297,0.523,0.375,44.9
Santana, Dennis,642701,TEX,SIFT,Sinker,2.8,6,222,38.7,63,0.278,0.333,0.363,7.70,9.5,17.1,0.265,0.382,0.325,34.7
Bard, Daniel,453268,COL,SIFT,Sinker,-1.1,-3,298,52.6,63,0.161,0.232,0.248,18.50,23.8,31.3,0.197,0.307,0.268,41.5
Lange, Alex,656638,DET,CUKC,Curveball,-2.5,-6,258,46.3,63,0.123,0.193,0.193,60.20,46,39.2,0.158,0.259,0.216,34.5
King, Michael,650633,NYY,SIFT,Sinker,-2.5,-7,269,36.4,63,0.254,0.373,0.289,24.30,20.6,31.7,0.292,0.478,0.348,46.7
Beede, Tyler,595881,PIT,FF,4-Seamer,0.4,1,203,34.1,63,0.37,0.5,0.414,6.30,3.2,5.7,0.337,0.515,0.399,47.2
Phillips, Evan,623465,LAD,SL,Slider,-1,-2,243,48.2,63,0.167,0.3,0.225,40.20,36.5,25.3,0.18,0.371,0.251,39.5
Crowe, Wil,640444,PIT,CH,Changeup,-0.4,-1,275,29.5,63,0.204,0.315,0.314,32.80,25.4,19.5,0.19,0.309,0.273,15.4
Acevedo, Domingo,642758,OAK,FF,4-Seamer,1.5,4,254,41.6,62,0.302,0.623,0.433,20.00,16.1,14.3,0.334,0.673,0.459,51.2
Gomber, Austin,596295,COL,CUKC,Curveball,1.1,3,243,16.3,62,0.2,0.367,0.27,27.10,32.3,18.9,0.164,0.285,0.205,27.5
Voth, Austin,608723,BAL,FC,Cutter,1.6,3,206,26.1,62,0.356,0.475,0.37,25.60,16.1,22.7,0.309,0.472,0.35,32.7
Romano, Jordan,605447,TOR,SL,Slider,-0.5,-1,246,45.6,62,0.22,0.373,0.275,36.00,30.6,26.4,0.26,0.43,0.31,47.5
Stratton, Chris,608717,PIT,CUKC,Curveball,-1.9,-4,208,30.4,62,0.179,0.25,0.202,28.70,29,23.7,0.21,0.335,0.257,29.3
Watkins, Spenser,657093,BAL,FC,Cutter,0.3,1,207,24.7,62,0.286,0.393,0.334,27.30,19.4,19.4,0.271,0.392,0.323,31.8
Brebbia, John,605154,SF,FF,4-Seamer,-2.7,-8,306,46.6,62,0.145,0.2,0.201,21.70,33.9,17.2,0.181,0.36,0.269,25.7
Irvin, Cole,608344,OAK,CUKC,Curveball,0.8,2,239,17.4,62,0.25,0.45,0.31,29.00,27.4,21.3,0.304,0.626,0.395,46.5
Cueto, Johnny,456501,CWS,SL,Slider,0.3,1,231,20.4,62,0.271,0.373,0.301,18.70,17.7,20.8,0.256,0.407,0.302,31.3
Lauer, Eric,641778,MIL,FC,Cutter,2.1,4,203,12.6,62,0.396,0.679,0.494,17.30,12.9,19,0.366,0.613,0.454,42.2
Gallegos, Giovanny,606149,STL,FF,4-Seamer,0.4,1,297,47.5,62,0.237,0.508,0.331,21.20,29,17.1,0.245,0.586,0.358,51.2
Bush, Matt,456713,TEX,FF,4-Seamer,-0.8,-2,228,47.8,62,0.212,0.327,0.316,30.00,30.6,32.2,0.2,0.315,0.289,41.2
Barlow, Scott,605130,KC,CUKC,Curveball,-1.1,-2,227,32.3,62,0.105,0.211,0.193,43.40,41.9,27.1,0.147,0.272,0.218,18.8
Pérez, Cionel,672335,BAL,FF,4-Seamer,-3.2,-8,245,51.5,62,0.214,0.321,0.27,28.30,22.6,21.9,0.29,0.566,0.379,44.2
Brieske, Beau,689225,DET,SL,Slider,1.8,5,267,20.7,62,0.288,0.441,0.337,21.80,11.3,10.1,0.339,0.535,0.379,41.5
Stephan, Trevor,663986,CLE,FF,4-Seamer,-0.1,0,276,50.6,62,0.333,0.509,0.374,24.80,21,21.7,0.25,0.425,0.3,41.3
Coleman, Dylan,669395,KC,SL,Slider,0.8,2,268,37.7,62,0.154,0.231,0.285,49.00,35.5,22.2,0.224,0.343,0.305,45.2
Matzek, Tyler,554431,ATL,FF,4-Seamer,-1.3,-3,230,79.6,61,0.16,0.3,0.275,27.00,19.7,18.5,0.241,0.441,0.35,43.6
Hudson, Dakota,641712,STL,FF,4-Seamer,-1.7,-5,268,17.2,61,0.17,0.226,0.242,15.40,16.4,12.3,0.279,0.442,0.356,46.5
Verlander, Justin,434378,HOU,CUKC,Curveball,-2.6,-8,299,18.5,61,0.133,0.25,0.186,29.70,41,30.5,0.159,0.248,0.181,31.4
Blackburn, Paul,621112,OAK,FC,Cutter,1.5,4,283,18.6,61,0.379,0.603,0.434,27.40,8.2,17.9,0.331,0.435,0.347,22.6
Littell, Zack,641793,SF,FF,4-Seamer,0.3,1,262,50.9,61,0.268,0.571,0.38,24.70,23,16.3,0.249,0.529,0.352,40.5
Wantz, Andrew,681806,LAA,FF,4-Seamer,-1.8,-4,208,52.7,61,0.189,0.434,0.332,26.20,23,22.6,0.259,0.556,0.384,51.3
Tetreault, Jackson,676194,WSH,FF,4-Seamer,0,0,211,57.8,61,0.26,0.4,0.352,14.10,8.2,10.6,0.323,0.563,0.42,66
Civale, Aaron,650644,CLE,SIFT,Sinker,1,2,202,21.1,61,0.333,0.549,0.43,7.10,9.8,10.9,0.376,0.575,0.451,48.9
Springs, Jeffrey,605488,TB,SL,Slider,-2.9,-7,254,24.9,61,0.175,0.193,0.199,24.40,23,24.6,0.268,0.43,0.322,37.2
Matz, Steven,571927,STL,CH,Changeup,-0.8,-1,194,28.7,60,0.193,0.298,0.251,24.30,23.3,21.9,0.221,0.312,0.25,44.2
Diekman, Jake,518617,BOS,FF,4-Seamer,-0.8,-2,288,41.6,60,0.222,0.422,0.368,33.90,26.7,16.8,0.254,0.419,0.376,36.7
Hand, Brad,543272,PHI,SL,Slider,0.2,0,268,52.7,60,0.176,0.216,0.228,21.80,28.3,19.1,0.195,0.294,0.277,16.7
Sánchez, Cristopher,650911,PHI,SIFT,Sinker,-1.3,-3,244,65.8,60,0.212,0.327,0.31,14.30,20,27.3,0.27,0.451,0.357,45
Falter, Bailey,663559,PHI,SIFT,Sinker,1.1,2,228,48.3,60,0.25,0.577,0.393,20.80,26.7,19.3,0.252,0.601,0.386,43.2
Kirby, George,669923,SEA,SL,Slider,1.5,4,254,23.3,60,0.362,0.638,0.45,21.70,23.3,14.4,0.277,0.461,0.324,40.9
Clase, Emmanuel,661403,CLE,SL,Slider,-2.3,-4,167,34.6,60,0.138,0.241,0.233,41.10,36.7,33.3,0.175,0.279,0.232,33.3
Thornton, Trent,663423,TOR,FF,4-Seamer,1.8,4,229,41.9,60,0.362,0.702,0.492,15.20,13.3,14.5,0.366,0.757,0.509,62.5
Swarmer, Matt,664161,CHC,FF,4-Seamer,2.3,6,257,39.1,60,0.3,0.68,0.445,12.40,10,13.3,0.344,0.701,0.472,44.4
Brasier, Ryan,518489,BOS,SL,Slider,-2.5,-6,235,42.7,60,0.127,0.236,0.188,33.90,28.3,20.5,0.22,0.357,0.278,43.6
Akin, Keegan,669211,BAL,SL,Slider,-2.8,-6,219,28.6,59,0.103,0.207,0.174,20.40,15.3,11.8,0.253,0.4,0.283,32.7
Santana, Dennis,642701,TEX,SL,Slider,-1.1,-3,257,44.9,59,0.185,0.241,0.248,40.70,30.5,23.7,0.228,0.332,0.268,32.4
Puk, A.J.,640462,OAK,SL,Slider,-0.8,-2,246,40.4,59,0.228,0.421,0.289,36.40,35.6,24.7,0.232,0.411,0.285,30.6
Scherzer, Max,453286,NYM,SL,Slider,-3.4,-7,219,21.2,59,0.172,0.207,0.198,48.80,39,33.3,0.16,0.214,0.169,14.3
Taillon, Jameson,592791,NYY,SIFT,Sinker,-0.7,-1,171,11,59,0.259,0.333,0.333,11.10,3.4,6.7,0.324,0.43,0.356,25
Machado, Andres,600921,WSH,FF,4-Seamer,2.6,5,184,31.5,59,0.364,0.673,0.444,15.70,20.3,16.9,0.317,0.647,0.412,50
Kelley, Trevor,665001,MIL,SIFT,Sinker,-0.5,-1,242,64.7,59,0.22,0.46,0.348,15.50,18.6,14.5,0.226,0.481,0.354,20.5
Rodriguez, Eduardo,593958,DET,FF,4-Seamer,-1.7,-5,276,41.1,59,0.196,0.255,0.25,16.50,23.7,25.9,0.221,0.341,0.281,41
Castro, Miguel,612434,NYY,SL,Slider,0,0,220,44.8,59,0.192,0.308,0.287,38.80,32.2,25.7,0.204,0.292,0.269,21.2
Yarbrough, Ryan,642232,TB,FC,Cutter,3.2,7,227,34.7,59,0.3,0.6,0.45,18.90,13.6,14.3,0.235,0.47,0.356,33.3
Stephenson, Robert,596112,COL,SL,Slider,-2.2,-5,214,43.2,59,0.098,0.157,0.205,46.70,35.6,22.3,0.137,0.212,0.223,20
Quantrill, Cal,615698,CLE,CH,Changeup,-0.6,-1,177,11.2,59,0.17,0.358,0.266,28.70,22,16.7,0.228,0.467,0.311,38.1
Thompson, Ryan,657044,TB,SIFT,Sinker,0.2,0,239,46.1,59,0.255,0.455,0.375,18.90,11.9,25.9,0.269,0.4,0.314,43.8
Williams, Devin,642207,MIL,FF,4-Seamer,-1.7,-4,263,41.2,58,0.085,0.085,0.195,34.20,41.4,25.8,0.134,0.184,0.243,26.1
Cuas, Jose,621016,KC,SIFT,Sinker,-1,-2,219,65.6,58,0.314,0.451,0.386,15.50,6.9,9.3,0.278,0.423,0.34,33.3
Head, Louis,545343,MIA,SL,Slider,0.1,0,257,57.5,58,0.2,0.4,0.344,30.20,24.1,17.3,0.258,0.432,0.345,33.3
Thornburg, Tyler,592804,MIN,FF,4-Seamer,0.7,2,210,58,58,0.213,0.319,0.322,20.20,15.5,15,0.179,0.305,0.294,38.5
Otto, Glenn,657248,TEX,FF,4-Seamer,1,3,246,22.8,58,0.295,0.364,0.39,22.60,17.2,15.6,0.321,0.579,0.455,64.7
Gallen, Zac,668678,ARI,FC,Cutter,-0.9,-2,191,12.2,58,0.24,0.38,0.326,12.10,10.3,12.2,0.231,0.349,0.309,18.2
Bradish, Kyle,680694,BAL,SL,Slider,2.1,5,216,26,58,0.283,0.528,0.387,39.30,39.7,24.7,0.262,0.457,0.348,43.3
Ruiz, José,614179,CWS,CH,Changeup,-1.3,-2,169,24.2,58,0.2,0.22,0.261,32.20,29.3,21.3,0.186,0.319,0.267,47.1
Kremer, Dean,665152,BAL,FC,Cutter,-2.7,-6,209,30.5,58,0.281,0.333,0.282,30.30,22.4,18.1,0.259,0.412,0.278,28.9
Anderson, Ian,666120,ATL,CUKC,Curveball,0.8,2,311,19,58,0.291,0.509,0.365,36.30,17.2,14.3,0.215,0.325,0.254,35.6
Gray, Sonny,543243,MIN,FF,4-Seamer,-1.6,-4,250,24.8,58,0.291,0.455,0.328,13.70,3.4,7.4,0.27,0.371,0.289,27.8
Payamps, Joel,606303,KC,SL,Slider,0.6,1,209,37.7,58,0.278,0.352,0.324,26.70,24.1,18.7,0.264,0.425,0.317,39
Crawford, Kutter,676710,BOS,FC,Cutter,-0.4,-1,197,29.9,58,0.255,0.333,0.327,24.30,22.4,25,0.253,0.396,0.326,39.5
Ramirez, Noé,598287,ARI,FF,4-Seamer,-0.4,-1,224,35.9,57,0.217,0.457,0.351,27.10,28.1,21.3,0.225,0.563,0.384,45.2
Snell, Blake,605483,SD,SL,Slider,-1.8,-4,222,22.8,57,0.113,0.17,0.179,45.10,43.9,25.5,0.139,0.224,0.192,32.1
White, Mitch,669952,LAD,SL,Slider,-0.6,-1,207,27.2,57,0.222,0.37,0.281,35.10,35.1,27.4,0.222,0.415,0.298,31.4
Ramirez, Noé,598287,ARI,CH,Changeup,1,2,208,33.3,57,0.24,0.38,0.31,34.20,33.3,19.2,0.22,0.393,0.314,45.2
Sousa, Bennett,656986,CWS,SL,Slider,1.2,3,209,57.3,57,0.216,0.314,0.282,33.70,19.3,15.3,0.193,0.294,0.248,24.4
Sewald, Paul,623149,SEA,SL,Slider,-2.3,-6,271,47.8,57,0.125,0.25,0.168,42.70,36.8,27.3,0.179,0.297,0.209,25.7
Smith, Joe,501925,MIN,SIFT,Sinker,-2.2,-4,176,43.6,57,0.358,0.528,0.406,15.00,7,11.8,0.313,0.496,0.367,51
Lyles, Jordan,543475,BAL,CH,Changeup,2.6,7,256,14.2,57,0.302,0.566,0.422,23.10,17.5,14.9,0.276,0.471,0.342,30.2
Morton, Charlie,450203,ATL,SIFT,Sinker,0.6,1,183,10.9,57,0.26,0.32,0.342,6.80,12.3,21.9,0.338,0.508,0.401,44.2
Civale, Aaron,650644,CLE,CUKC,Curveball,-0.1,0,249,26,57,0.132,0.264,0.207,41.50,43.9,22.5,0.193,0.274,0.222,24.1
Cabrera, Génesis,650893,STL,FF,4-Seamer,0.2,0,199,35.3,57,0.239,0.522,0.392,20.20,15.8,12.3,0.266,0.594,0.422,37.8
Hentges, Sam,656529,CLE,FF,4-Seamer,2,4,219,40.6,57,0.375,0.521,0.426,23.00,19.3,20,0.337,0.559,0.416,52.6
Abreu, Bryan,650556,HOU,FF,4-Seamer,0.8,2,290,48.4,57,0.304,0.391,0.369,25.50,19.3,17.2,0.284,0.491,0.416,41.7
Greinke, Zack,425844,KC,SL,Slider,2.4,5,188,14.4,56,0.339,0.571,0.417,22.80,14.3,12.3,0.3,0.411,0.317,33.3
Yarbrough, Ryan,642232,TB,CH,Changeup,1.7,3,171,26.1,56,0.296,0.389,0.324,17.20,12.5,10.3,0.35,0.615,0.404,39.6
Gustave, Jandel,594311,MIL,SIFT,Sinker,1.4,3,207,55.9,56,0.286,0.469,0.404,14.80,19.6,20.4,0.315,0.522,0.397,52.6
Lauer, Eric,641778,MIL,CUKC,Curveball,0.4,1,283,17.6,56,0.308,0.577,0.386,17.60,14.3,18.2,0.364,0.75,0.469,37.8
Banks, Tanner,621383,CWS,SL,Slider,0.8,2,224,33.6,56,0.283,0.491,0.366,15.00,7.1,5.2,0.323,0.589,0.399,46.9
Stroman, Marcus,573186,CHC,SL,Slider,0.9,2,228,24.8,56,0.222,0.37,0.277,28.60,28.6,20.3,0.241,0.361,0.264,46.2
Crawford, Kutter,676710,BOS,FF,4-Seamer,0.6,2,274,41.6,56,0.286,0.49,0.377,27.40,32.1,20.9,0.253,0.582,0.389,54.8
Jiménez, Dany,666204,OAK,SL,Slider,-2.5,-6,246,59.7,56,0.102,0.122,0.19,47.40,32.1,23.4,0.128,0.181,0.203,22.6
Robles, Hansel,570663,BOS,FF,4-Seamer,0.7,1,210,49.8,56,0.239,0.435,0.363,28.70,23.2,22.4,0.322,0.625,0.451,64.7
Taylor, Blake,642130,HOU,FF,4-Seamer,-0.4,-1,226,74.1,56,0.25,0.292,0.305,16.20,8.9,8.8,0.279,0.407,0.35,30.2
Tate, Dillon,622253,BAL,CH,Changeup,-0.8,-2,191,29.1,56,0.167,0.375,0.296,41.20,33.9,24.1,0.219,0.382,0.306,33.3
Littell, Zack,641793,SF,SL,Slider,1,2,211,41,56,0.288,0.519,0.356,30.30,17.9,14.5,0.222,0.369,0.275,27.9
Shreve, Chasen,592741,NYM,FF,4-Seamer,1.7,4,211,44.5,56,0.3,0.62,0.415,20.20,16.1,17.3,0.34,0.74,0.475,54.8
Castellanos, Humberto,528748,ARI,SL,Slider,1,2,195,26.1,55,0.235,0.51,0.355,14.10,18.2,17.2,0.273,0.507,0.353,26.8
Maton, Phil,664208,HOU,CUKC,Curveball,1.1,2,196,30.4,55,0.182,0.432,0.337,27.60,23.6,20.3,0.249,0.38,0.347,25
Kimbrel, Craig,518886,LAD,CUKC,Curveball,-0.2,0,200,33.8,55,0.184,0.245,0.275,47.10,38.2,26.3,0.203,0.307,0.269,31
Cease, Dylan,656302,CWS,CUKC,Curveball,2.3,6,257,13.9,55,0.292,0.479,0.393,30.00,27.3,18.8,0.248,0.394,0.325,45.5
Murfee, Penn,682171,SEA,FF,4-Seamer,-1.4,-3,239,44.5,55,0.22,0.36,0.29,19.70,18.2,15.9,0.269,0.444,0.337,35
Martínez, Adrián,661309,OAK,SIFT,Sinker,2.7,5,180,54.2,55,0.34,0.66,0.465,7.70,9.1,11.6,0.399,0.792,0.514,53.3
Gore, MacKenzie,669022,SD,SL,Slider,2.9,6,192,15.7,55,0.292,0.417,0.357,32.30,29.1,16.3,0.274,0.472,0.364,43.8
Burnes, Corbin,669203,MIL,SL,Slider,-0.3,-1,185,10.2,55,0.145,0.327,0.197,52.00,45.5,31.3,0.155,0.29,0.185,26.7
Richards, Garrett,572070,TEX,SL,Slider,0.9,2,204,37.6,55,0.189,0.264,0.231,30.20,29.1,19.3,0.246,0.386,0.283,27
Thompson, Ryan,657044,TB,SL,Slider,1.3,3,202,39,55,0.224,0.306,0.298,34.80,29.1,20.8,0.191,0.256,0.247,27.3
Duffey, Tyler,608648,MIN,FF,4-Seamer,-0.7,-1,227,36.3,55,0.306,0.531,0.41,23.00,27.3,23.1,0.336,0.589,0.42,52.9
Garcia, Yimi,554340,TOR,FF,4-Seamer,-4.8,-10,202,40.5,55,0.096,0.115,0.13,30.40,36.4,28.2,0.14,0.232,0.175,27.3
Norris, Daniel,596057,CHC,FF,4-Seamer,4,9,225,38.8,55,0.333,0.762,0.546,16.30,16.4,15.3,0.341,0.738,0.506,57.6
Cimber, Adam,643256,TOR,FF,4-Seamer,-1.5,-3,166,29.6,55,0.115,0.173,0.173,27.80,36.4,19.8,0.143,0.196,0.175,25
Givens, Mychal,571710,CHC,SL,Slider,-0.8,-2,203,32.5,55,0.196,0.294,0.247,29.50,20,23.4,0.205,0.377,0.276,27.5
Hernández, Carlos,672578,KC,CUKC,Curveball,1.3,2,144,23.3,55,0.245,0.347,0.292,19.20,16.4,20.5,0.249,0.342,0.294,31.7
Taillon, Jameson,592791,NYY,CUKC,Curveball,-1.7,-4,223,14.3,55,0.176,0.255,0.199,27.20,40,20.6,0.221,0.329,0.247,22.6
Effross, Scott,664123,CHC,SL,Slider,-2.9,-7,233,41.1,55,0.16,0.2,0.198,31.10,43.6,30,0.151,0.237,0.203,25.9
Loáisiga, Jonathan,642528,NYY,SIFT,Sinker,2.2,4,194,60.4,55,0.362,0.489,0.428,21.40,14.5,17.8,0.326,0.503,0.404,33.3
Tepera, Ryan,572193,LAA,SL,Slider,0.1,0,228,40.2,55,0.17,0.302,0.219,39.10,29.1,16.8,0.241,0.433,0.297,32.4
Quijada, José,650671,LAA,FF,4-Seamer,-1.3,-3,220,80.6,55,0.191,0.277,0.262,39.70,40,27.5,0.137,0.227,0.229,38.5
Mantiply, Joe,573009,ARI,CH,Changeup,-0.3,0,141,26.3,54,0.241,0.278,0.23,25.50,16.7,16.4,0.21,0.269,0.205,22.2
Muñoz, Andrés,662253,SEA,FF,4-Seamer,1.6,4,236,38.8,54,0.367,0.571,0.427,23.80,24.1,14.4,0.293,0.487,0.351,62.2
Eflin, Zach,621107,PHI,CUKC,Curveball,-1.1,-2,215,19.7,54,0.157,0.255,0.205,45.10,48.1,24.8,0.171,0.224,0.199,16
Crowe, Wil,640444,PIT,SIFT,Sinker,-1.3,-3,202,21.7,54,0.213,0.234,0.281,17.60,14.8,18.2,0.254,0.311,0.304,17.9
Hughes, Brandon,676714,CHC,FF,4-Seamer,-0.4,-1,224,52,54,0.222,0.4,0.341,20.40,27.8,21.1,0.235,0.457,0.344,38.7
Goudeau, Ashton,623485,COL,FF,4-Seamer,0.3,1,206,54.9,54,0.283,0.391,0.404,19.00,9.3,11.1,0.3,0.436,0.37,51.2
Wendelken, J.B.,605525,ARI,FF,4-Seamer,-0.9,-2,228,46.7,54,0.227,0.25,0.303,21.20,13,13,0.298,0.363,0.362,32.4
Chacín, Jhoulys,468504,COL,SL,Slider,-0.9,-2,186,28.1,54,0.18,0.46,0.313,27.20,16.7,30,0.284,0.628,0.4,43.9
Hoffman, Jeff,656546,CIN,CH,Changeup,-0.1,0,204,24.7,54,0.239,0.348,0.336,37.00,29.6,19.8,0.225,0.322,0.3,40
Musgrove, Joe,605397,SD,FC,Cutter,-2.2,-6,260,16.9,54,0.231,0.5,0.319,16.40,5.6,18.8,0.235,0.425,0.293,38.8
King, Michael,650633,NYY,SL,Slider,-3,-7,230,31.1,54,0.12,0.18,0.188,44.00,38.9,27.6,0.139,0.167,0.173,6.9
Kolarek, Adam,592473,OAK,SIFT,Sinker,-0.5,-1,199,62.4,53,0.304,0.326,0.337,6.80,11.3,13.3,0.283,0.399,0.345,40
Cishek, Steve,518553,WSH,FF,4-Seamer,-0.6,-1,192,28.1,53,0.159,0.227,0.262,30.10,34,21.7,0.187,0.311,0.302,33.3
Luzardo, Jesús,666200,MIA,CUKC,Curveball,-1.2,-2,198,38.2,53,0.13,0.261,0.235,39.80,45.3,25,0.161,0.29,0.256,40.9
Acevedo, Domingo,642758,OAK,SL,Slider,-2.7,-5,194,31.8,53,0.118,0.196,0.159,48.30,39.6,35.6,0.163,0.236,0.195,16.1
Danish, Tyler,641501,BOS,CUKC,Curveball,-1.7,-4,208,41.7,53,0.157,0.235,0.19,27.20,30.2,22.9,0.211,0.341,0.249,22.9
Strickland, Hunter,519326,CIN,SL,Slider,0.9,2,241,38.7,53,0.239,0.457,0.334,40.40,22.6,16.9,0.229,0.457,0.332,25.7
Long, Sam,669674,SF,CH,Changeup,0.3,0,173,28.4,53,0.176,0.451,0.275,32.70,18.9,15.9,0.23,0.397,0.281,26.8
Doval, Camilo,666808,SF,FC,Cutter,2.9,8,269,40.6,53,0.366,0.707,0.495,19.30,9.4,8.2,0.317,0.618,0.451,43.2
Minor, Mike,501985,CIN,CH,Changeup,3.5,5,154,21.2,52,0.311,0.756,0.463,26.30,23.1,28.6,0.265,0.626,0.398,32.4
Leone, Dominic,608678,SF,FF,4-Seamer,1,2,192,37.1,52,0.34,0.596,0.428,20.20,23.1,21.1,0.262,0.441,0.334,51.4
Cessa, Luis,570666,CIN,SL,Slider,2.4,5,203,40.5,52,0.196,0.478,0.328,36.70,34.6,22.5,0.244,0.508,0.357,42.9
Festa, Matthew,670036,SEA,FF,4-Seamer,-1.4,-3,186,44.6,52,0.133,0.444,0.296,35.10,34.6,28.6,0.183,0.471,0.327,29.6
Cimber, Adam,643256,TOR,SIFT,Sinker,1.4,3,188,33.5,52,0.36,0.5,0.398,15.60,5.8,16.7,0.342,0.448,0.347,47.9
Whitlock, Garrett,676477,BOS,CH,Changeup,-3.5,-6,159,19.9,51,0.06,0.08,0.091,29.90,25.5,21,0.202,0.288,0.219,24.3
López, Reynaldo,625643,CWS,SL,Slider,-1,-2,229,35.2,51,0.204,0.286,0.24,39.60,29.4,22.1,0.207,0.283,0.219,34.3
Junis, Jakob,596001,SF,SIFT,Sinker,-0.4,-1,231,31.1,51,0.298,0.532,0.38,17.90,13.7,17.9,0.323,0.603,0.412,50
Castillo, Luis,622491,CIN,SL,Slider,-1.6,-4,280,20.9,51,0.167,0.271,0.222,25.40,17.6,11.7,0.23,0.375,0.282,28.2
Staumont, Josh,622251,KC,FF,4-Seamer,-1.5,-4,250,49.6,51,0.175,0.225,0.288,30.80,23.5,18.5,0.25,0.407,0.368,35.7
Brash, Matt,666374,SEA,FF,4-Seamer,1.1,2,208,43.4,51,0.333,0.444,0.446,22.50,11.8,11.8,0.363,0.635,0.5,56.7
Leiter Jr., Mark,643410,CHC,CH,Changeup,-4.3,-5,111,17.5,51,0.064,0.085,0.115,50.80,54.9,36.4,0.106,0.137,0.151,10.5
Pérez, Cionel,672335,BAL,SL,Slider,0.1,0,183,38.4,51,0.244,0.311,0.298,33.30,27.5,19.4,0.273,0.381,0.329,32.3
Woodruff, Brandon,605540,MIL,CH,Changeup,-0.9,-2,209,17.7,51,0.191,0.298,0.254,57.30,47.1,32,0.18,0.226,0.217,21.7
Boxberger, Brad,502202,MIL,CH,Changeup,-3.1,-5,147,25,51,0.2,0.267,0.267,21.20,13.7,12.7,0.254,0.389,0.311,33.3
Kinley, Tyler,641755,COL,SL,Slider,-2,-4,196,52.1,51,0.196,0.216,0.201,47.00,49,31.3,0.153,0.211,0.155,23.1
King, Michael,650633,NYY,FF,4-Seamer,1.2,2,167,22.6,51,0.222,0.378,0.313,34.50,39.2,29,0.222,0.391,0.327,65.4
Rucker, Michael,621074,CHC,FF,4-Seamer,0.1,0,197,47.4,50,0.225,0.4,0.343,22.40,16,16.3,0.255,0.466,0.354,38.2
Foster, Matt,641582,CWS,SL,Slider,0.1,0,209,34.2,50,0.25,0.386,0.33,26.70,24,16.2,0.256,0.389,0.32,24.2
Hicks, Jordan,663855,STL,SL,Slider,-0.6,-1,184,28.4,50,0.1,0.275,0.277,43.50,48,30,0.13,0.286,0.293,18.8
López, Pablo,641154,MIA,FC,Cutter,0,0,211,12.8,50,0.283,0.696,0.427,25.20,10,11.1,0.285,0.595,0.392,41.5
Cimber, Adam,643256,TOR,SL,Slider,-0.4,-1,207,36.9,50,0.244,0.467,0.322,22.10,16,16,0.264,0.556,0.347,40
Nance, Tommy,667297,MIA,CUKC,Curveball,-0.5,-1,202,49.9,50,0.234,0.319,0.268,44.30,44,32.8,0.215,0.305,0.251,32
Cotton, Jharel,605194,MIN,FF,4-Seamer,-1.7,-4,238,47.8,50,0.244,0.512,0.372,19.80,6,7.1,0.27,0.542,0.39,23.1
García, Jarlín,606424,SF,FF,4-Seamer,-0.8,-2,199,39.6,50,0.217,0.37,0.305,14.70,20,19.6,0.267,0.476,0.342,50
Cortes, Nestor,641482,NYY,SL,Slider,0.7,2,253,16.9,50,0.292,0.521,0.36,18.40,16,16.7,0.253,0.455,0.314,25
Greinke, Zack,425844,KC,CH,Changeup,1.5,3,209,16,50,0.289,0.333,0.304,12.50,8,5.7,0.307,0.384,0.36,47.6
Quintana, José,500779,PIT,SIFT,Sinker,0.8,2,226,14.4,50,0.391,0.5,0.423,8.10,2,4.3,0.361,0.595,0.427,40
Houser, Adrian,605288,MIL,FF,4-Seamer,1.3,3,225,16.6,50,0.255,0.426,0.334,20.60,38,20,0.206,0.378,0.272,35.7
De Jong, Chase,608328,PIT,SL,Slider,-2.6,-5,176,30.3,50,0.188,0.292,0.226,43.30,40,30.3,0.153,0.29,0.205,32.1
Rodríguez, Joely,570257,NYM,CH,Changeup,-0.7,-1,174,37,50,0.14,0.233,0.253,38.60,28,19.7,0.232,0.353,0.312,37.9
Adam, Jason,592094,TB,CH,Changeup,-2.5,-4,181,32.3,50,0.13,0.261,0.207,34.40,30,22.7,0.177,0.225,0.217,25.8
Brubaker, JT,664141,PIT,CUKC,Curveball,-0.6,-1,227,14.6,50,0.208,0.313,0.286,33.00,26,25.5,0.222,0.385,0.273,34.3